iso,start_year,end_year,domestic_annualised,sleeve_annualised,excess_pp
AUS,1948,2015,0.05222578067166639,0.0790023360518961,2.6776555380229716
AUS,1949,2016,0.05466451305917164,0.0824596559651467,2.7795142905975068
AUS,1950,2017,0.05623354405934866,0.0732092717015973,1.697572764224864
AUS,1951,2018,0.0524763742712,0.07208127490151739,1.960490063031739
AUS,1952,2019,0.05909233306864947,0.07386130291612925,1.4768969847479774
AUS,1953,2020,0.06441354294928958,0.07420472312079229,0.9791180171502711
BEL,1920,1987,0.027231749185459675,0.07481582143449872,4.758407224903904
BEL,1921,1988,0.03755924055563997,0.08153343504935906,4.397419449371909
BEL,1922,1989,0.03706995535178037,0.08342276277718552,4.635280742540515
BEL,1923,1990,0.028448647304285757,0.07549173330758907,4.704308600330331
BEL,1924,1991,0.025582731698056582,0.06480646539888024,3.922373370082366
BEL,1925,1992,0.027857983186629243,0.06399681554839054,3.6138832361761297
BEL,1926,1993,0.031413933600146215,0.0675078500481523,3.609391644800608
BEL,1927,1994,0.025816352693054823,0.06103706694722666,3.5220714254171837
BEL,1928,1995,0.023692667082955143,0.05950226244335255,3.5809595360397406
BEL,1929,1996,0.02402134198062189,0.06189512692748944,3.787378494686755
BEL,1930,1997,0.03476655117502836,0.06882949107111092,3.4062939896082556
BEL,1931,1998,0.045101192588254735,0.07381282824555524,2.8711635657300505
BEL,1932,1999,0.04815660911339803,0.0830398489696278,3.4883239856229764
BEL,1933,2000,0.04611806654494233,0.08268114994249665,3.656308339755432
BEL,1934,2001,0.046630098073384696,0.07615297154149703,2.952287346811233
BEL,1935,2002,0.04395255681820731,0.07035994371933363,2.6407386901126317
BEL,1936,2003,0.03961246369151805,0.06685045448363236,2.723799079211431
BEL,1937,2004,0.04146583241951629,0.06527479252025814,2.380896010074185
BEL,1938,2005,0.04677949674458182,0.07097055194320356,2.4191055198621747
BEL,1939,2006,0.0515736270906515,0.07463206964762947,2.3058442556977976
BEL,1940,2007,0.05427284082409867,0.07457701328089983,2.030417245680116
BEL,1941,2008,0.0345006005035664,0.06959385050194578,3.509324999837937
BEL,1942,2009,0.04239820454766674,0.08130894654477361,3.891074199710687
BEL,1943,2010,0.04882785787914368,0.08744706900107113,3.8619211121927455
BEL,1944,2011,0.04944334596381195,0.08534227531498151,3.589892935116956
BEL,1945,2012,0.05139762986818974,0.07994384400828092,2.8546214140091175
BEL,1946,2013,0.05003234599991102,0.07968805439629545,2.965570839638443
BEL,1947,2014,0.05211998149204722,0.07703278469488684,2.4912803202839617
BEL,1948,2015,0.05952876493117509,0.0818872363179024,2.2358471386727308
BEL,1949,2016,0.06088048967630444,0.08494773201187611,2.406724233557167
BEL,1950,2017,0.05764257855855326,0.0801338156582434,2.2491237099690142
BEL,1951,2018,0.051271638506525496,0.07611895559708093,2.484731709055543
BEL,1952,2019,0.05047255450931121,0.07646519221893278,2.599263770962157
BEL,1953,2020,0.04898047534112804,0.07567823536122731,2.669776002009927
CHE,1916,1983,0.03876016478030575,0.05153039405559312,1.277022927528737
CHE,1917,1984,0.040111542179474435,0.05300131297006039,1.2889770790585953
CHE,1918,1985,0.05104073677892229,0.06059230496995749,0.9551568191035198
CHE,1919,1986,0.054327801449775004,0.06695542219718464,1.262762074740964
CHE,1920,1987,0.05155248192104178,0.0668513681988272,1.5298886277785417
CHE,1921,1988,0.057268061580457275,0.07695430648439383,1.9686244903936556
CHE,1922,1989,0.06039378078048263,0.08038117383440357,1.9987393053920943
CHE,1923,1990,0.04943555364846497,0.07059211009500732,2.115655644654235
CHE,1924,1991,0.04901306766703817,0.0631949529600877,1.4181885293049534
CHE,1925,1992,0.049609908934282076,0.06238873495672981,1.2778826022447731
CHE,1926,1993,0.05287057267719697,0.06459299143969255,1.172241876249558
CHE,1927,1994,0.04792254814902486,0.06113192609284246,1.3209377943817602
CHE,1928,1995,0.04707884503444637,0.05698068500386522,0.9901839969418846
CHE,1929,1996,0.046686921207350185,0.06019615525798816,1.3509234050637975
CHE,1930,1997,0.0543822561307965,0.06530773394998457,1.0925477819188067
CHE,1931,1998,0.05719436599708305,0.07087198175164278,1.3677615754559724
CHE,1932,1999,0.0635648071478947,0.08068120578077398,1.7116398632879282
CHE,1933,2000,0.06299162226362243,0.07983460857259628,1.684298630897385
CHE,1934,2001,0.056728372302083496,0.07288540800150978,1.615703569942628
CHE,1935,2002,0.05289693636363557,0.06777174440464817,1.48748080410126
CHE,1936,2003,0.05763700996568,0.06916220988614108,1.1525199920461082
CHE,1937,2004,0.05223918834956809,0.06775030301548313,1.5511114665915038
CHE,1938,2005,0.05643203254381346,0.06899418666760582,1.2562154123792357
CHE,1939,2006,0.05891267672853373,0.07296606547719242,1.405338874865869
CHE,1940,2007,0.061714728976779654,0.07330147256284314,1.1586743586063486
CHE,1941,2008,0.05570864823302846,0.06056080035928679,0.48521521262583356
CHE,1942,2009,0.05660135473947303,0.06525948787637215,0.8658133136899115
CHE,1943,2010,0.05758467726484895,0.06401558824091547,0.6430910976066517
CHE,1944,2011,0.05733591833659357,0.06079693381579454,0.34610154792009684
CHE,1945,2012,0.059518502429469544,0.06272313259893281,0.3204630169463263
CHE,1946,2013,0.06081015872872175,0.06748668111905931,0.6676522390337558
CHE,1947,2014,0.06142839806129863,0.07410088466396725,1.267248660266862
CHE,1948,2015,0.061211926984156007,0.07337931719999236,1.216739021583635
CHE,1949,2016,0.06248662726809928,0.07713682112161235,1.4650193853513072
CHE,1950,2017,0.06307801250598599,0.07199995013548244,0.8921937629496446
CHE,1951,2018,0.059764651477852926,0.06778300498994194,0.8018353512089016
CHE,1952,2019,0.061733680328529994,0.06721919362689865,0.548551329836866
CHE,1953,2020,0.06159342964472159,0.06608614963023873,0.4492719985517146
DEU,1950,2017,0.08686537568157648,0.07165116417459338,-1.52142115069831
DEU,1951,2018,0.08397391503735752,0.07313134085011352,-1.0842574187243992
DEU,1952,2019,0.0758314427639144,0.07462446757820818,-0.12069751857062272
DEU,1953,2020,0.07414636144430942,0.07313463471860038,-0.1011726725709039
DNK,1916,1983,0.05098269329372673,0.058644755864610376,0.7662062570883643
DNK,1917,1984,0.04591913817566051,0.06072453041058257,1.4805392234922055
DNK,1918,1985,0.04761852553642476,0.0664740391367673,1.8855513600342544
DNK,1919,1986,0.046659940069217365,0.07189824555375957,2.52383054845422
DNK,1920,1987,0.04700376005055018,0.07225087387118267,2.5247113820632494
DNK,1921,1988,0.05248629337168764,0.07935002705241057,2.6863733680722923
DNK,1922,1989,0.058266521388168124,0.0819235783017378,2.3657056913569674
DNK,1923,1990,0.058405471916880725,0.07428391244174426,1.5878440524863535
DNK,1924,1991,0.057641449864904715,0.06651135988944579,0.8869910024541072
DNK,1925,1992,0.055322101043475236,0.06470686559218697,0.9384764548711733
DNK,1926,1993,0.054797529629548425,0.07103325431654928,1.6235724687000852
DNK,1927,1994,0.05610473174512598,0.06873331634722324,1.262858460209726
DNK,1928,1995,0.053602621707511844,0.06520496556749777,1.160234385998593
DNK,1929,1996,0.05597671532606241,0.06650092382224715,1.052420849618474
DNK,1930,1997,0.060061789932309706,0.07247282903047902,1.2411039098169319
DNK,1931,1998,0.05827850877057794,0.07739303413364684,1.9114525363068902
DNK,1932,1999,0.06184780478666374,0.08604762099917806,2.4199816212514325
DNK,1933,2000,0.06542900461752899,0.08210590190764333,1.6676897290114345
DNK,1934,2001,0.05996294773735711,0.07275941176638301,1.27964640290259
DNK,1935,2002,0.05328267911774254,0.06699708943830163,1.371441032055909
DNK,1936,2003,0.0568469441595949,0.06751533910996987,1.066839495037497
DNK,1937,2004,0.058122184158779566,0.06706015354301686,0.8937969384237299
DNK,1938,2005,0.06415289390406098,0.07231383697037841,0.8160943066317428
DNK,1939,2006,0.06674420512132184,0.07556346072742826,0.8819255606106413
DNK,1940,2007,0.06678119039975816,0.07485643108070028,0.807524068094212
DNK,1941,2008,0.059141898806758464,0.06479077921125631,0.5648880404497847
DNK,1942,2009,0.062362958314661654,0.06893377429635739,0.6570815981695732
DNK,1943,2010,0.06503040090382295,0.07020789827131191,0.5177497367488959
DNK,1944,2011,0.05995707791648486,0.06658061287570072,0.662353495921586
DNK,1945,2012,0.062152210214318604,0.06817082467143587,0.6018614457117266
DNK,1946,2013,0.06780484623706062,0.07222926750050296,0.4424421263442335
DNK,1947,2014,0.06960733846291278,0.06707304206440368,-0.2534296398509106
DNK,1948,2015,0.07379323665683368,0.0695891963193711,-0.4204040337462578
DNK,1949,2016,0.07251227066784605,0.07009223595158431,-0.2420034716261732
DNK,1950,2017,0.07592563057179569,0.06564622443543322,-1.0279406136362468
DNK,1951,2018,0.07185401732405694,0.06270909318482332,-0.9144924139233623
DNK,1952,2019,0.07788377703589111,0.06529880428068591,-1.2584972755205204
DNK,1953,2020,0.08283952000395556,0.06549692853091527,-1.7342591473040292
ESP,1941,2008,0.03839835034757866,0.06991787134666616,3.1519520999087502
ESP,1942,2009,0.04183759822307764,0.07431743718192396,3.247983895884632
ESP,1943,2010,0.03921140685322522,0.07634968762631877,3.7138280773093557
ESP,1944,2011,0.04054490804254618,0.07444065969383384,3.3895751651287664
ESP,1945,2012,0.04175619799405039,0.07684868182814775,3.5092483834097354
ESP,1946,2013,0.04441100752280702,0.08229534282143969,3.7884335298632665
ESP,1947,2014,0.043734980334759754,0.0730123933570741,2.9277413022314347
ESP,1948,2015,0.04060356311050217,0.07288867053998782,3.228510742948565
ESP,1949,2016,0.04732784696884629,0.07811490368102403,3.078705671217774
ESP,1950,2017,0.05096809859592133,0.06945198769423344,1.8483889098312112
FIN,1896,1963,0.023876898106941713,0.06294819439124333,3.9071296284301615
FIN,1897,1964,0.02309897634436897,0.06063440122722019,3.753542488285122
FIN,1898,1965,0.019944625252903192,0.060321878668286644,4.037725341538345
FIN,1899,1966,0.019256602356950703,0.05854613121264851,3.928952885569781
FIN,1900,1967,0.019096685325824758,0.06289880258023106,4.38021172544063
FIN,1901,1968,0.02344926188335328,0.06434249488359978,4.08932330002465
FIN,1902,1969,0.02638258263991511,0.06565712455877803,3.9274541918862926
FIN,1903,1970,0.029311818948477786,0.06344833411992035,3.413651517144256
FIN,1904,1971,0.029767057843674172,0.06347965472746586,3.371259688379169
FIN,1905,1972,0.036847683649269936,0.06523431648618683,2.838663283691689
FIN,1906,1973,0.03869809373041977,0.06292923064671463,2.423113691629486
FIN,1907,1974,0.033645559290209626,0.05484915297291493,2.12035936827053
FIN,1908,1975,0.029476115318738172,0.056966450242233346,2.7490334923495174
FIN,1909,1976,0.026479929249141332,0.05504780102811013,2.85678717789688
FIN,1910,1977,0.021352760753689415,0.052568846564765126,3.121608581107571
FIN,1911,1978,0.02219648947267272,0.053247351062964965,3.1050861590292245
FIN,1912,1979,0.02388797733785175,0.05320790505929485,2.9319927721443095
FIN,1913,1980,0.02628470559383933,0.05408322695321899,2.7798521359379658
FIN,1914,1981,0.02699574746118283,0.05358933931162513,2.65935918504423
FIN,1915,1982,0.03048152098030288,0.05325893730548348,2.27774163251806
FIN,1916,1983,0.03657736221559249,0.05545868512785823,1.888132291226574
FIN,1917,1984,0.029660401887647625,0.057419425755051545,2.775902386740392
FIN,1918,1985,0.03954599912526269,0.0732610757824399,3.371507665717721
FIN,1919,1986,0.06135344749980676,0.09114318770408647,2.9789740204279713
FIN,1920,1987,0.06261868318024444,0.0714424441575865,0.8823760977342054
FIN,1921,1988,0.06728925949307718,0.07955523831382316,1.2265978820745982
FIN,1922,1989,0.07109454546259575,0.0762757966147205,0.5181251152124755
FIN,1923,1990,0.06196404942681544,0.07410005762371452,1.2136008196899084
FIN,1924,1991,0.05731947766822043,0.07112979354823268,1.3810315880012247
FIN,1925,1992,0.05895190686517071,0.07119451238711694,1.2242605521946226
FIN,1926,1993,0.0645278500835289,0.07572950795612043,1.120165787259153
FIN,1927,1994,0.06145036382907865,0.07104070268450213,0.9590338855423486
FIN,1928,1995,0.05193360432849814,0.06886526088841283,1.6931656559914687
FIN,1929,1996,0.059922827053935146,0.0704576860856796,1.0534859031744448
FIN,1930,1997,0.06690634207049961,0.07659249060800688,0.9686148537507266
FIN,1931,1998,0.07455687897583752,0.0803892381563105,0.5832359180472979
FIN,1932,1999,0.08740943366028198,0.08441741968400773,-0.29920139762742437
FIN,1933,2000,0.08508653819752432,0.0818091433729069,-0.3277394824617419
FIN,1934,2001,0.07263748356880773,0.07489259868846476,0.22551151196570363
FIN,1935,2002,0.0636833774910921,0.06871070146944391,0.5027323978351816
FIN,1936,2003,0.06300110683885474,0.06888981372653102,0.5888706887676287
FIN,1937,2004,0.05825917058985497,0.06898063154580014,1.0721460955945172
FIN,1938,2005,0.06377871650004607,0.07456468983169318,1.0785973331647103
FIN,1939,2006,0.06683169497809027,0.07823489971642794,1.140320473833767
FIN,1940,2007,0.07127246825712796,0.07894102796961011,0.7668559712482148
FIN,1941,2008,0.059031259626180166,0.06758073682805166,0.8549477201871492
FIN,1942,2009,0.05914827944731149,0.07244498980036207,1.3296710353050578
FIN,1943,2010,0.06053795979179366,0.07480158282217553,1.4263623030381867
FIN,1944,2011,0.0572735052528337,0.07294597124551871,1.5672465992685014
FIN,1945,2012,0.060449095379185414,0.07490368003730064,1.4454584658115222
FIN,1946,2013,0.05849791066007648,0.06745118288305818,0.8953272222981701
FIN,1947,2014,0.0704460224441712,0.060615690552010326,-0.9830331892160871
FIN,1948,2015,0.07682324753502012,0.06665009945259404,-1.0173148082426087
FIN,1949,2016,0.08774889882321513,0.0690654855204118,-1.868341330280332
FIN,1950,2017,0.08379543946039925,0.07111226997261677,-1.2683169487782475
FIN,1951,2018,0.07572658902308338,0.06485871592937542,-1.0867873093707958
FIN,1952,2019,0.07885393670611651,0.06904151887012189,-0.9812417835994625
FIN,1953,2020,0.08378321028398927,0.06898578919679932,-1.4797421087189955
FRA,1922,1989,-0.01714701031637833,0.08917855637895,10.632556669532834
FRA,1923,1990,-0.02474350908516243,0.08316485924123374,10.790836832639616
FRA,1924,1991,-0.024746544068225185,0.0732806306323659,9.802717470059108
FRA,1925,1992,-0.02301104118123054,0.07153864298385826,9.45496841650888
FRA,1926,1993,-0.020007345037768576,0.07338990363115516,9.339724866892373
FRA,1927,1994,-0.021797701792469204,0.06860281268090795,9.040051447337715
FRA,1928,1995,-0.02441358291960094,0.06949673712657667,9.391032004617761
FRA,1929,1996,-0.02652284680931538,0.07109349840987922,9.76163452191946
FRA,1930,1997,-0.022304075657355815,0.07833649543743948,10.06405710947953
FRA,1931,1998,-0.01381995660835722,0.08373262929287084,9.755258590122807
FRA,1932,1999,-0.0024310816896562226,0.09348886197880035,9.591994366845658
FRA,1933,2000,-0.00716066917318936,0.09370196887251248,10.086263804570184
FRA,1934,2001,-0.01118585890005297,0.08725034330339176,9.843620220344473
FRA,1935,2002,-0.015895600237553764,0.08189414915415516,9.778974939170892
FRA,1936,2003,-0.014803200027752705,0.08069648339162971,9.549968341938243
FRA,1937,2004,-0.01475776670334028,0.0796787134549175,9.44364801582578
FRA,1938,2005,-0.0071911904600324705,0.08126675132696559,8.845794178699807
FRA,1939,2006,-0.0033959696253674787,0.08097031852472614,8.436628815009362
FRA,1940,2007,-0.004536022191498845,0.0797329474792352,8.426896967073406
FRA,1941,2008,-0.015727965000283506,0.06731773860673829,8.30457036070218
FRA,1942,2009,-0.015894801743191134,0.07238981297038194,8.828461471357308
FRA,1943,2010,-0.019020955509767346,0.07552565077566986,9.45466062854372
FRA,1944,2011,-0.015488740685149827,0.07498823813846789,9.04769788236177
FRA,1945,2012,-0.008328855899548349,0.07923578917391794,8.756464507346628
FRA,1946,2013,0.0035459453844977062,0.08810937410768171,8.456342872318402
FRA,1947,2014,0.0065327137889790166,0.06741230882728022,6.08795950383012
FRA,1948,2015,0.017198127825542642,0.07823273347894966,6.1034605653407015
FRA,1949,2016,0.027100706548167652,0.07890571517829592,5.180500863012827
FRA,1950,2017,0.03393393580080839,0.07979681813435979,4.58628823335514
FRA,1951,2018,0.036395251880877,0.0776468345395478,4.125158265867079
FRA,1952,2019,0.03679446228895422,0.07831068813371944,4.151622584476522
FRA,1953,2020,0.036342898291444214,0.07885241741070681,4.2509519119262595
GBR,1890,1957,0.03346005448980005,0.057748044615677285,2.4287990125877235
GBR,1891,1958,0.03837446314926818,0.06042363689431163,2.204917374504345
GBR,1892,1959,0.045153165413130525,0.06500131852709967,1.9848153113969147
GBR,1893,1960,0.0453070658827921,0.06607687210782043,2.076980622502833
GBR,1894,1961,0.044997312383228794,0.06744082066254231,2.2443508279313518
GBR,1895,1962,0.042546710964090684,0.06425521340011375,2.170850243602307
GBR,1896,1963,0.043062687511001396,0.0635199332036791,2.0457245692677706
GBR,1897,1964,0.03991369538844736,0.06218277199098554,2.2269076602538185
GBR,1898,1965,0.04011342125412298,0.061066992500008466,2.0953571245885483
GBR,1899,1966,0.03818088320336743,0.059090958111922776,2.0910074908555343
GBR,1900,1967,0.04174785940543346,0.06136346070534193,1.961560129990847
GBR,1901,1968,0.04656206041439792,0.06424883539411619,1.7686774979718267
GBR,1902,1969,0.04318116689641216,0.06565467704120143,2.2473510144789266
GBR,1903,1970,0.040792880889791716,0.06338955192928242,2.25966710394907
GBR,1904,1971,0.045087353858379364,0.06176348628619999,1.6676132427820622
GBR,1905,1972,0.04469946753313536,0.06523358784563804,2.053412031250268
GBR,1906,1973,0.03677621989821733,0.06540513157554795,2.8628911677330615
GBR,1907,1974,0.022616580028867128,0.0584739021382088,3.585732210934167
GBR,1908,1975,0.033557601099613255,0.05961604009900667,2.605843899939342
GBR,1909,1976,0.031096034348567114,0.059798282784915724,2.870224843634861
GBR,1910,1977,0.03347398384208411,0.053653114594581774,2.0179130752497665
GBR,1911,1978,0.03355448862301147,0.053860630998641135,2.0306142375629666
GBR,1912,1979,0.03334276922582613,0.05223970090625896,1.8896931680432827
GBR,1913,1980,0.03567772461954055,0.05094052392197801,1.5262799302437458
GBR,1914,1981,0.03645202856300833,0.05204895657918995,1.5596928016181622
GBR,1915,1982,0.03905165481891659,0.05369143229637441,1.4639777477457816
GBR,1916,1983,0.04359785555935325,0.058440494954140165,1.4842639394786916
GBR,1917,1984,0.05012658152750782,0.06023731903368801,1.011073750618019
GBR,1918,1985,0.05429371301228714,0.06621679492730959,1.1923081915022449
GBR,1919,1986,0.057680750403661385,0.0749143989488088,1.7233648545147418
GBR,1920,1987,0.05855805839487993,0.07640045145454222,1.7842393059662287
GBR,1921,1988,0.06566595231191896,0.08502286715786744,1.935691484594848
GBR,1922,1989,0.0683344091566842,0.09053583559086653,2.2201426434182325
GBR,1923,1990,0.05969269290165791,0.0817265770964144,2.2033884194756492
GBR,1924,1991,0.060400857028972244,0.074080276400744,1.367941937177175
GBR,1925,1992,0.05960406453377609,0.07436553281241154,1.4761468278635448
GBR,1926,1993,0.06086272715147589,0.07761285350476266,1.6750126353286765
GBR,1927,1994,0.058481630342224644,0.0754724101552986,1.6990779813073953
GBR,1928,1995,0.05963996798365612,0.07321369504190978,1.357372705825366
GBR,1929,1996,0.05913527930124096,0.07191758031151885,1.2782301010277886
GBR,1930,1997,0.06441349350908188,0.07598798064219969,1.1574487133117817
GBR,1931,1998,0.06651517307696886,0.08200389664788266,1.5488723570913798
GBR,1932,1999,0.0725095363055428,0.08874194652384015,1.6232410218297355
GBR,1933,2000,0.06637768792678655,0.08596379192354164,1.9586103996755089
GBR,1934,2001,0.06022181991425768,0.07853690983702188,1.8315089922764205
GBR,1935,2002,0.05406932564813638,0.07359006727342088,1.95207416252845
GBR,1936,2003,0.054787089662032606,0.07503746536394673,2.0250375701914125
GBR,1937,2004,0.05380485495761156,0.07471681064577718,2.0911955688165618
GBR,1938,2005,0.05922351966055239,0.0793737687252638,2.015024906471141
GBR,1939,2006,0.06309386879840373,0.08225372090309313,1.91598521046894
GBR,1940,2007,0.06365858902199673,0.0824286697707366,1.877008074873987
GBR,1941,2008,0.06079858253755188,0.07409011741982696,1.329153488227508
GBR,1942,2009,0.06283727847573739,0.07690010222432186,1.4062823748584474
GBR,1943,2010,0.06282704360857139,0.07679474308246692,1.3967699473895534
GBR,1944,2011,0.06048782866639946,0.07285870537813377,1.2370876711734313
GBR,1945,2012,0.06042609427180645,0.07448162062535735,1.4055526353550896
GBR,1946,2013,0.06240022321346195,0.0787928700536138,1.6392646840151848
GBR,1947,2014,0.06028805033899953,0.0770708271663143,1.6782776827314771
GBR,1948,2015,0.06191564601074928,0.07655931324098719,1.4643667230237911
GBR,1949,2016,0.06580148957631726,0.08612558878385901,2.0324099207541746
GBR,1950,2017,0.0688042358166594,0.07746912557635555,0.8664889759696148
GBR,1951,2018,0.06581254946015536,0.07567012514617755,0.9857575686022191
GBR,1952,2019,0.06829878561296487,0.07463340396560691,0.6334618352642041
GBR,1953,2020,0.06821235039159701,0.07712927353059351,0.8916923138996502
ITA,1922,1989,0.024969836036097925,0.05961695649408494,3.4647120457987013
ITA,1923,1990,0.015327284012045084,0.054073012420794875,3.874572840874979
ITA,1924,1991,0.010292362539576994,0.04679780195337502,3.6505439413798024
ITA,1925,1992,0.001297332751767133,0.04857040603764218,4.7273073285875045
ITA,1926,1993,0.009265034690407958,0.05197928944218022,4.271425475177226
ITA,1927,1994,0.018534703278444642,0.05003055257965294,3.14958493012083
ITA,1928,1995,0.01220830269522577,0.05092797592959197,3.8719673234366203
ITA,1929,1996,0.00848720934677094,0.04966275564053779,4.117554629376685
ITA,1930,1997,0.017173753492502497,0.05561294531124683,3.8439191818744334
ITA,1931,1998,0.024308883124405156,0.06004687017671606,3.5737987052310904
ITA,1932,1999,0.030481923375208497,0.06874246482207358,3.826054144686508
ITA,1933,2000,0.031218361336035727,0.06923783204235279,3.801947070631706
ITA,1934,2001,0.02162518971311611,0.06310946200899425,4.148427229587814
ITA,1935,2002,0.014836978470177398,0.05724158648062527,4.2404608010447875
ITA,1936,2003,0.015331026560291283,0.057005623048417275,4.167459648812599
ITA,1937,2004,0.015018778779333664,0.055376307820379056,4.035752904104539
ITA,1938,2005,0.017160513248477338,0.056242027392670924,3.9081514144193585
ITA,1939,2006,0.021192754632698207,0.060543646859160694,3.9350892226462486
ITA,1940,2007,0.015685057668368252,0.06139703887083803,4.571198120246978
ITA,1941,2008,0.0056160994745879655,0.051264662551088636,4.564856307650067
ITA,1942,2009,0.006910120046089485,0.055412857820094974,4.850273777400549
ITA,1943,2010,0.005027182067504299,0.03632051909241252,3.129333702490822
ITA,1944,2011,-0.0016658590375465687,0.03849805497067993,4.01639140082265
ITA,1945,2012,0.008061631537877423,0.05091639663746661,4.285476509958919
ITA,1946,2013,0.030522879465253006,0.06443480127162182,3.3911921806368817
ITA,1947,2014,0.019086572207942076,0.0708510264517821,5.176445424384002
ITA,1948,2015,0.03340135069818628,0.0829071688234051,4.9505818125218815
ITA,1949,2016,0.029870129392050693,0.08488815878466083,5.5018029392610135
ITA,1950,2017,0.0308240651070546,0.07944181967885999,4.861775457180539
ITA,1951,2018,0.02711144720075831,0.07504208999860285,4.793064279784454
ITA,1952,2019,0.030853415838691278,0.07689442950597458,4.60410136672833
ITA,1953,2020,0.025219908759968712,0.07719773035502508,5.197782159505637
JPN,1948,2015,0.07154715243732013,0.06199810528519811,-0.9549047152122014
JPN,1949,2016,0.07442692499323034,0.06855063600549305,-0.5876288987737288
JPN,1950,2017,0.06991502994996734,0.05903317841045741,-1.0881851539509935
JPN,1951,2018,0.07118240437005663,0.05871428037760751,-1.246812399244912
JPN,1952,2019,0.07084292984081442,0.060175008561329735,-1.0667921279484682
JPN,1953,2020,0.06348129916639422,0.06115733269775214,-0.23239664686420802
NLD,1900,1967,0.036835978821368576,0.05833322813826225,2.1497249316893674
NLD,1901,1968,0.04079388108198878,0.061476706144867554,2.0682825062878774
NLD,1902,1969,0.038816551156923396,0.06228115606240836,2.3464604905484965
NLD,1903,1970,0.03732439442059321,0.06032185079192853,2.2997456371335323
NLD,1904,1971,0.03538609769851653,0.05929703111632878,2.3910933417812252
NLD,1905,1972,0.03680048319981277,0.06169552944891743,2.4895046249104658
NLD,1906,1973,0.031192036599544837,0.05903914516951936,2.784710856997452
NLD,1907,1974,0.026308953635110655,0.05169783599572586,2.5388882360615206
NLD,1908,1975,0.031562403315640974,0.05413155267989089,2.256914936424992
NLD,1909,1976,0.02903519916872921,0.05052687110305265,2.149167193432344
NLD,1910,1977,0.027599235946517364,0.04666753816666169,1.9068302220144329
NLD,1911,1978,0.028483652590464592,0.046340775283653546,1.7857122693188954
NLD,1912,1979,0.02770362404344895,0.04721753201482026,1.9513907971371314
NLD,1913,1980,0.02888005234516755,0.04997316238082772,2.1093110035660168
NLD,1914,1981,0.02823214757430348,0.051318170580685774,2.3086023006382295
NLD,1915,1982,0.030552929092389602,0.05160749921720309,2.1054570124813488
NLD,1916,1983,0.03853155027451516,0.05815068593987527,1.961913566536011
NLD,1917,1984,0.04043049222118733,0.05857348850297339,1.8142996281786061
NLD,1918,1985,0.04322783215365211,0.061995748405739404,1.876791625208729
NLD,1919,1986,0.04787542143716439,0.069028513689398,2.1153092252233607
NLD,1920,1987,0.04391505357237557,0.0698706006000629,2.595554702768732
NLD,1921,1988,0.05437815298259907,0.08037452836468506,2.599637538208599
NLD,1922,1989,0.05853600694712857,0.0816387421208844,2.310273517375583
NLD,1923,1990,0.057959096103177066,0.07444224154626533,1.6483145443088265
NLD,1924,1991,0.058672194971365554,0.06741209324363462,0.8739898272269064
NLD,1925,1992,0.059194043779608796,0.06562183733860616,0.6427793558997363
NLD,1926,1993,0.06256046879999788,0.06864910262028356,0.6088633820285683
NLD,1927,1994,0.05986416830818442,0.06472775184365576,0.48635835354713386
NLD,1928,1995,0.06019152547336404,0.061615119226235304,0.1423593752871266
NLD,1929,1996,0.06400686013087187,0.06320798081672252,-0.07988793141493478
NLD,1930,1997,0.06864472014429746,0.0693288166753443,0.06840965310468405
NLD,1931,1998,0.07466173053154246,0.07385981954201148,-0.0801910989530974
NLD,1932,1999,0.08213918495842609,0.0832546048910292,0.11154199326031122
NLD,1933,2000,0.0860207037011651,0.08309940497454016,-0.29212987266249435
NLD,1934,2001,0.07918583051618344,0.07676127459263027,-0.24245559235531733
NLD,1935,2002,0.07075343851893412,0.07193247428085114,0.11790357619170244
NLD,1936,2003,0.07043562551107518,0.07172218142631048,0.1286555915235299
NLD,1937,2004,0.06759922243034322,0.06963017125160054,0.20309488212573168
NLD,1938,2005,0.06494685698801184,0.07327403676179278,0.8327179773780946
NLD,1939,2006,0.06858304919942015,0.07681886773046354,0.8235818531043382
NLD,1940,2007,0.07014563641951654,0.0763249789992908,0.6179342579774261
NLD,1941,2008,0.04834321432623723,0.0674828782747352,1.9139663948497976
NLD,1942,2009,0.06102283495425298,0.07075627160189302,0.9733436647640037
NLD,1943,2010,0.06175760892349236,0.07170736783888065,0.9949758915388296
NLD,1944,2011,0.05735054373763693,0.0685421872122125,1.1191643474575574
NLD,1945,2012,0.058263212064696424,0.0701552353239312,1.1892023259234774
NLD,1946,2013,0.06408360448712225,0.07033193622393474,0.6248331736812496
NLD,1947,2014,0.06857606460055932,0.06070186901500696,-0.7874195585552357
NLD,1948,2015,0.06728217032305817,0.06568696325234047,-0.15952070707176969
NLD,1949,2016,0.06704126983483016,0.07139913803699649,0.4357868202166326
NLD,1950,2017,0.07058594635726978,0.07027794617489724,-0.030800018237253646
NLD,1951,2018,0.06977248800558189,0.06823604652064463,-0.15364414849372565
NLD,1952,2019,0.07507421066284903,0.06859095641738722,-0.6483254245461811
NLD,1953,2020,0.07806091686800842,0.06751450954268279,-1.0546407325325635
NOR,1890,1957,0.02840041059536147,0.06126652973183733,3.2866119136475858
NOR,1891,1958,0.025769702188282784,0.06334748315144134,3.757778096315856
NOR,1892,1959,0.02795860829854968,0.06868467029647096,4.072606199792128
NOR,1893,1960,0.02971073879796915,0.06942101404264123,3.9710275244672077
NOR,1894,1961,0.030172464527072007,0.07004672298568337,3.9874258458611367
NOR,1895,1962,0.02513965188286371,0.06673070520972191,4.15910533268582
NOR,1896,1963,0.025363444116493605,0.06604729999258163,4.068385587608803
NOR,1897,1964,0.023608062297373333,0.06455172948153076,4.094366718415743
NOR,1898,1965,0.02104675994187022,0.06315873565279428,4.2111975710924066
NOR,1899,1966,0.01903408556449171,0.061556646832449546,4.252256126795784
NOR,1900,1967,0.01878441261196051,0.061936808012376776,4.315239540041627
NOR,1901,1968,0.020855023098692582,0.06492493815481093,4.406991505611835
NOR,1902,1969,0.022804959489493903,0.06607845342089158,4.327349393139768
NOR,1903,1970,0.025863468598387174,0.06279454537210483,3.6931076773717653
NOR,1904,1971,0.02274613414245885,0.06252751999565609,3.9781385853197238
NOR,1905,1972,0.0238759239496249,0.06435740483425745,4.048148088463255
NOR,1906,1973,0.02717270389670401,0.061864362853112365,3.4691658956408356
NOR,1907,1974,0.017543962346995956,0.05408356341340781,3.6539601066411853
NOR,1908,1975,0.01348201603561483,0.056826725093963804,4.334470905834897
NOR,1909,1976,0.01327713406997777,0.05374185408761112,4.046472001763335
NOR,1910,1977,0.006823815621396223,0.05040167413859198,4.3577858517195756
NOR,1911,1978,0.006312879545521177,0.051704211161688995,4.539133161616782
NOR,1912,1979,0.011688897596842995,0.05207071282088216,4.038181522403916
NOR,1913,1980,0.010196949886796425,0.054138932824809194,4.394198293801277
NOR,1914,1981,0.011143866604449881,0.053832822615951015,4.268895601150113
NOR,1915,1982,0.00748183107145306,0.055094241701707736,4.761241063025468
NOR,1916,1983,0.015576672045889417,0.0606108716668079,4.503419962091848
NOR,1917,1984,0.01724250923117676,0.061663925580929924,4.442141634975316
NOR,1918,1985,0.021216762798915045,0.0710740380257624,4.985727522684735
NOR,1919,1986,0.0250745510324466,0.07880130539285513,5.372675436040852
NOR,1920,1987,0.025000894299027854,0.07609958740493461,5.109869310590676
NOR,1921,1988,0.03405282141142596,0.08214190974315239,4.808908833172643
NOR,1922,1989,0.044111587744293024,0.08516175867003284,4.1050170925739815
NOR,1923,1990,0.038599318885265355,0.07863100483198338,4.003168594671802
NOR,1924,1991,0.03359344883945048,0.06737842465824606,3.378497581879558
NOR,1925,1992,0.03100938433230538,0.06937745959203223,3.8368075259726853
NOR,1926,1993,0.03861316498683798,0.0770447501698952,3.8431585183057226
NOR,1927,1994,0.03819809644922745,0.0748776899370629,3.667959348783545
NOR,1928,1995,0.0382598206346092,0.07106503885392179,3.2805218219312593
NOR,1929,1996,0.0398840229769899,0.07055794337126065,3.067392039427075
NOR,1930,1997,0.04237441155976729,0.07590861128932636,3.3534199729559067
NOR,1931,1998,0.03770339136799006,0.08277167123885354,4.506827987086348
NOR,1932,1999,0.0444916236614743,0.08439430081761046,3.9902677156136157
NOR,1933,2000,0.0438926447179957,0.08404550509991626,4.015286038192056
NOR,1934,2001,0.03773642002648803,0.08016349296110525,4.242707293461723
NOR,1935,2002,0.030239828581417383,0.06936293397579374,3.9123105394376356
NOR,1936,2003,0.03197536217549457,0.07222343574553913,4.024807357004456
NOR,1937,2004,0.03264178632192127,0.07158052685187344,3.8938740529952165
NOR,1938,2005,0.03683888053246731,0.07738095288837665,4.054207235590934
NOR,1939,2006,0.041015833976097316,0.08044772337620065,3.9431889400103337
NOR,1940,2007,0.042191354473319675,0.07963660192159194,3.7445247448272267
NOR,1941,2008,0.029903913000250082,0.07326025486304277,4.335634186279269
NOR,1942,2009,0.03659387697991767,0.0743119596310573,3.771808265113963
NOR,1943,2010,0.036527293421548146,0.07385786050910248,3.7330567087554334
NOR,1944,2011,0.03371581601487028,0.07049514944317092,3.6779333428300642
NOR,1945,2012,0.03631943370232937,0.0711595895376429,3.4840155835313524
NOR,1946,2013,0.04122469045714583,0.07609991700076879,3.487522654362296
NOR,1947,2014,0.04244040261832849,0.07475367962479607,3.231327700646758
NOR,1948,2015,0.04173696997773302,0.07579777822413192,3.40608082463989
NOR,1949,2016,0.042065924593230886,0.07444957408148256,3.2383649488251676
NOR,1950,2017,0.0450560898092478,0.07034592909816517,2.528983928891737
NOR,1951,2018,0.04285423286925916,0.06674020592447216,2.3885973055213006
NOR,1952,2019,0.045098557631426006,0.06989711065051418,2.4798553019088176
NOR,1953,2020,0.047076215508027985,0.0721523308580998,2.5076115350071815
PRT,1890,1957,0.011219148704632254,0.06867919872062767,5.746005001599541
PRT,1891,1958,0.014210405198071374,0.07340822282356996,5.919781762549858
PRT,1892,1959,0.017507835307045694,0.07626081807863727,5.875298277159158
PRT,1893,1960,0.018276115257063852,0.07447599333389787,5.619987807683402
PRT,1894,1961,0.01819702058456585,0.07734683551447685,5.9149814929911
PRT,1895,1962,0.014263711038141835,0.07513866986466367,6.087495882652183
PRT,1896,1963,0.013179061297871497,0.07389767933616742,6.071861803829592
PRT,1897,1964,0.013568078486824398,0.07181790350978146,5.824982502295706
PRT,1898,1965,0.015307317858852754,0.06985279047121917,5.454547261236642
PRT,1899,1966,0.016151258142232727,0.06724944101273889,5.109818287050616
PRT,1900,1967,0.012714167486379324,0.06845738614405938,5.574321865768006
PRT,1901,1968,0.011218197916828432,0.07079989012983523,5.95816922130068
PRT,1902,1969,0.01338284613811025,0.07187255833027328,5.8489712192163035
PRT,1903,1970,0.011866868310569156,0.07105315728600381,5.918628897543465
PRT,1904,1971,0.01258814474583092,0.07131252946853261,5.8724384722701695
PRT,1905,1972,0.016652652108130717,0.07421337457159138,5.756072246346067
PRT,1906,1973,0.022620569462314055,0.07459619528821415,5.19756258259001
PRT,1907,1974,0.012973698458436322,0.06459899639295097,5.162529793451465
PRT,1908,1975,0.0014844750911187088,0.06678863925398892,6.5304164162870215
PRT,1909,1976,-0.009650080453585952,0.06430918153745746,7.395926199104341
PRT,1910,1977,-0.02322923355172979,0.06263829508587215,8.586752863760195
PRT,1911,1978,-0.030031700268812078,0.06402876004174396,9.406046031055604
PRT,1912,1979,-0.027446904054520327,0.06422438200276148,9.16712860572818
PRT,1913,1980,-0.020584782740522556,0.06323290837404638,8.381769111456894
PRT,1914,1981,-0.028447224358824963,0.0636664864493548,9.211371080817976
PRT,1915,1982,-0.03466738574415573,0.0647759883059984,9.944337405015414
PRT,1916,1983,-0.03846161211745058,0.06870684966612495,10.716846178357553
PRT,1917,1984,-0.03998199562515381,0.06782676947333188,10.78087650984857
PRT,1918,1985,-0.029771661101170466,0.07105429647838868,10.082595757955914
PRT,1919,1986,-0.018656952825811257,0.08325918323255044,10.191613605836169
PRT,1920,1987,-0.009090041637552781,0.08492054316915776,9.401058480671054
PRT,1921,1988,-0.005995307477165479,0.08755010133753194,9.354540881469742
PRT,1922,1989,-0.0015569740601413251,0.08666652637428696,8.822350043442828
PRT,1923,1990,-0.013094618340435682,0.07488323112641848,8.797784946685416
PRT,1924,1991,-0.010217715478377465,0.06679550673634083,7.701322221471829
PRT,1925,1992,-0.0068901381320617405,0.06643401388515535,7.332415201721709
PRT,1926,1993,-0.0023472394604112656,0.07608009302129992,7.842733248171118
PRT,1927,1994,-0.00352345895909556,0.07205169202380457,7.557515098290013
PRT,1928,1995,-0.008103515351025381,0.07003536229168694,7.813887764271232
PRT,1929,1996,-0.008325282204257434,0.06821860344197961,7.654388564623704
PRT,1930,1997,0.0013237107059533848,0.07496061637614049,7.36369056701871
PRT,1931,1998,0.006680018286178369,0.07929345006238608,7.2613431776207715
PRT,1932,1999,0.011157088939812043,0.08690767423263934,7.57505852928273
PRT,1933,2000,0.0077977202859955685,0.08320764063125363,7.540992034525806
PRT,1934,2001,0.0015104174566096251,0.07633525276308428,7.482483530647466
PRT,1935,2002,-0.005819013912593651,0.06996838748532674,7.578740139792039
PRT,1936,2003,-0.004780803741870621,0.06948967042080079,7.427047416267141
PRT,1937,2004,-0.003679755568100296,0.06917670578511448,7.285646135321477
PRT,1938,2005,-0.0014960879507589508,0.07454739922263909,7.604348717339803
PRT,1939,2006,0.0012132656598091707,0.07689560471870749,7.568233905889832
PRT,1940,2007,0.003654946655165192,0.0740111399530583,7.035619329789311
PRT,1941,2008,-0.005962884397467505,0.061201013980289654,6.716389837775716
PRT,1942,2009,-0.0029044399201350046,0.06623407484792954,6.913851476806454
PRT,1943,2010,-0.009269746189386252,0.06997182084886222,7.924156703824847
PRT,1944,2011,-0.011618089977819435,0.06804487166681938,7.966296164463882
PRT,1945,2012,-0.012404499227622323,0.06976579774521041,8.217029697283273
PRT,1946,2013,-0.0101063165048777,0.07533988711362594,8.544620361850363
PRT,1947,2014,-0.010769705044479272,0.08137429943119034,9.214400447566963
PRT,1948,2015,-0.007146480457294824,0.08429417601893996,9.144065647623478
PRT,1949,2016,-0.008662192599246499,0.08321028371512873,9.187247631437522
PRT,1950,2017,-0.005004536344066168,0.07842884015682561,8.343337650089177
PRT,1951,2018,-0.0056863071597270665,0.07409098445924256,7.977729161896963
PRT,1952,2019,-0.007884096195110546,0.07413245388497414,8.20165500800847
PRT,1953,2020,-0.009896959028359853,0.07248687284780964,8.238383187616948
SWE,1890,1957,0.03431701047189861,0.05694048390278872,2.2623473430890106
SWE,1891,1958,0.03680193268478171,0.05917183301134443,2.236990032656272
SWE,1892,1959,0.042496698632973784,0.06426638599378887,2.176968736081508
SWE,1893,1960,0.04059741235999592,0.06467118208261069,2.407376972261477
SWE,1894,1961,0.039100480059022,0.06576210763996237,2.6661627580940372
SWE,1895,1962,0.03488638384144682,0.0620673048292637,2.718092098781688
SWE,1896,1963,0.036551113415458136,0.0615608593658763,2.500974595041816
SWE,1897,1964,0.037081140031735904,0.059698329362182445,2.261718933044654
SWE,1898,1965,0.03564614816114409,0.05906084949560708,2.3414701334462995
SWE,1899,1966,0.030589455514140607,0.05746375933811931,2.6874303823978707
SWE,1900,1967,0.03153886156665342,0.057665795271085285,2.6126933704431865
SWE,1901,1968,0.03551942654066753,0.06026530817386999,2.474588163320246
SWE,1902,1969,0.03545180820357752,0.06147311577000836,2.602130756643084
SWE,1903,1970,0.03131443426474889,0.059332600381423184,2.8018166116674292
SWE,1904,1971,0.03267379049826924,0.05850762477556448,2.5833834277295242
SWE,1905,1972,0.03202719023738343,0.06025067205111001,2.822348181372658
SWE,1906,1973,0.029788105315528446,0.060101363811068786,3.031325849554034
SWE,1907,1974,0.026978927941916142,0.05183491708511201,2.4855989143195867
SWE,1908,1975,0.03253129569940816,0.05472730779565427,2.219601209624611
SWE,1909,1976,0.030999485109877822,0.05208179011138947,2.1082305001511648
SWE,1910,1977,0.026168330126078665,0.050751298764205144,2.458296863812648
SWE,1911,1978,0.025461412775235726,0.050213576009097816,2.475216323386209
SWE,1912,1979,0.023323548405730365,0.05070057975158515,2.7377031345854785
SWE,1913,1980,0.023738643432882567,0.05164516591676871,2.7906522483886143
SWE,1914,1981,0.02946061414026735,0.052736193364225636,2.3275579223958287
SWE,1915,1982,0.03764935400993008,0.055081283219136745,1.7431929209206665
SWE,1916,1983,0.04391033473243411,0.061129426606328474,1.7219091873894365
SWE,1917,1984,0.03877672461923476,0.06101025164633844,2.2233527027103683
SWE,1918,1985,0.045037382484941935,0.07025441881026273,2.5217036325320796
SWE,1919,1986,0.060430275629804964,0.07705808839578965,1.6627812765984684
SWE,1920,1987,0.06321306440019936,0.07599776718759355,1.2784702787394187
SWE,1921,1988,0.07278072316829576,0.08395989618393584,1.1179173015640087
SWE,1922,1989,0.07627733240120782,0.08840110028546477,1.2123767884256953
SWE,1923,1990,0.06739186587827972,0.07937304596206873,1.1981180083789011
SWE,1924,1991,0.06644946358599912,0.06981261826050456,0.3363154674505431
SWE,1925,1992,0.0639089878998853,0.07210924539663788,0.8200257496752572
SWE,1926,1993,0.06827259249222628,0.07584893885235111,0.757634636012483
SWE,1927,1994,0.06609474650955072,0.07218040575926765,0.6085659249716935
SWE,1928,1995,0.06478706595630213,0.06840605671168198,0.36189907553798584
SWE,1929,1996,0.06737039456070026,0.06937282877673989,0.2002434216039628
SWE,1930,1997,0.0712077377815501,0.07561038215121685,0.4402644369666753
SWE,1931,1998,0.07382555434837301,0.08212110291076247,0.8295548562389454
SWE,1932,1999,0.08839086801244478,0.08416127422121811,-0.4229593791226671
SWE,1933,2000,0.09017559135898257,0.08531950694714108,-0.4856084411841488
SWE,1934,2001,0.08401616346993435,0.08235943012600488,-0.16567333439294618
SWE,1935,2002,0.07261698194337574,0.07275811828633438,0.014113634295864763
SWE,1936,2003,0.07589431013852033,0.07281751021785432,-0.3076799920666007
SWE,1937,2004,0.07378528596143008,0.07244903810589465,-0.1336247855535433
SWE,1938,2005,0.07928945384672392,0.07892158769108581,-0.0367866155638108
SWE,1939,2006,0.08166622661552392,0.08083985778514302,-0.08263688303808969
SWE,1940,2007,0.08484766778212727,0.08162661046064112,-0.32210573214861427
SWE,1941,2008,0.07666056497809137,0.07355328926330351,-0.31072757147878605
SWE,1942,2009,0.08191884597095034,0.07629463024614691,-0.5624215724803427
SWE,1943,2010,0.08434542296139003,0.0747415476273594,-0.960387533403062
SWE,1944,2011,0.07988175277716758,0.07099590838248804,-0.8885844394679543
SWE,1945,2012,0.07984252885849541,0.07179924318395159,-0.8043285674543821
SWE,1946,2013,0.08215112945028658,0.07651541811564089,-0.5635711334645688
SWE,1947,2014,0.08244281696289923,0.08307186422665391,0.06290472637546785
SWE,1948,2015,0.08503501205728159,0.08331313675696639,-0.1721875300315201
SWE,1949,2016,0.08799161841329273,0.08469991626596318,-0.3291702147329545
SWE,1950,2017,0.08729622698061257,0.07616890478303362,-1.1127322197578948
SWE,1951,2018,0.08257797159265468,0.07467822207920172,-0.7899749513452958
SWE,1952,2019,0.086114915715225,0.07656789421403931,-0.9547021501185693
SWE,1953,2020,0.09148198047290546,0.07600768146789161,-1.5474299005013847
USA,1890,1957,0.06677200822925333,0.05617301534049357,-1.0598992888759762
USA,1891,1958,0.07256248071442162,0.058137404650512314,-1.4425076063909303
USA,1892,1959,0.07127372564414491,0.06318184702930463,-0.8091878614840287
USA,1893,1960,0.06999799944507368,0.06416757442725829,-0.5830425017815388
USA,1894,1961,0.07645291777796359,0.06540760821318159,-1.1045309564782002
USA,1895,1962,0.07354842529109007,0.06218095734612694,-1.1367467944963128
USA,1896,1963,0.07543678431787915,0.061245251900895026,-1.419153241698412
USA,1897,1964,0.07736542117292866,0.05992890292244457,-1.743651825048409
USA,1898,1965,0.07636007328267769,0.05904310217571829,-1.73169711069594
USA,1899,1966,0.07125307087748234,0.05742722920256371,-1.3825841674918626
USA,1900,1967,0.07225404538050739,0.05716329331116654,-1.5090752069340851
USA,1901,1968,0.07120109469284275,0.05960645141194698,-1.1594643280895767
USA,1902,1969,0.0656928223804556,0.06128140942010485,-0.4411412960350747
USA,1903,1970,0.06447829804321747,0.059165308377016945,-0.5312989666200529
USA,1904,1971,0.0686437604360619,0.05994921263229891,-0.8694547803762998
USA,1905,1972,0.06720887685609811,0.06292237231169451,-0.4286504544403602
USA,1906,1973,0.06049411316996678,0.0631583076908746,0.26641945209078255
USA,1907,1974,0.05349687406716619,0.057072818143680815,0.35759440765146255
USA,1908,1975,0.06310048348075292,0.058621291480567495,-0.4479192000185428
USA,1909,1976,0.05948664356127176,0.05714238221533452,-0.23442613459372375
USA,1910,1977,0.05458225206838052,0.05438842959660506,-0.01938224717754622
USA,1911,1978,0.05653189790878299,0.056155847320799035,-0.037605058798395596
USA,1912,1979,0.05681718617929299,0.05624758912740857,-0.056959705188441845
USA,1913,1980,0.05836766184402231,0.056682728790799164,-0.16849330532231477
USA,1914,1981,0.05836127364629817,0.05485287862564059,-0.3508395020657584
USA,1915,1982,0.06073530026760454,0.05406204808431503,-0.6673252183289513
USA,1916,1983,0.058809925632934634,0.056412759967402026,-0.2397165665532608
USA,1917,1984,0.05868623676883411,0.053370089736436865,-0.5316147032397245
USA,1918,1985,0.06908088051611805,0.061820805895984376,-0.7260074620133672
USA,1919,1986,0.07132726306430004,0.07059375008698132,-0.07335129773187177
USA,1920,1987,0.07019182911378485,0.07813193879034364,0.7940109676558782
USA,1921,1988,0.0777616489343691,0.08948364014551768,1.1721991211148586
USA,1922,1989,0.0774026959807339,0.09213082754789248,1.4728131567158576
USA,1923,1990,0.07149698839846552,0.08566041286276893,1.416342446430341
USA,1924,1991,0.07380486485188609,0.07878872289070293,0.49838580388168463
USA,1925,1992,0.07211231862528167,0.07651930307776933,0.4406984452487661
USA,1926,1993,0.06960883653085626,0.07849435012807371,0.8885513597217454
USA,1927,1994,0.06751174068317933,0.07743397245865857,0.992223177547924
USA,1928,1995,0.06720375600615092,0.0752607054318668,0.8056949425715887
USA,1929,1996,0.06482313998386191,0.07533759036653698,1.0514450382675067
USA,1930,1997,0.06933046019624478,0.07915176134311097,0.982130114686619
USA,1931,1998,0.07642069778348115,0.08504449789230262,0.8623800108821467
USA,1932,1999,0.08588017634044287,0.09130093147392526,0.5420755133482391
USA,1933,2000,0.08502426354830162,0.0894178977221618,0.43936341738601836
USA,1934,2001,0.07485533248189413,0.07774031620491151,0.2884983723017376
USA,1935,2002,0.07196955801522464,0.0719234894963634,-0.004606851886124197
USA,1936,2003,0.0691632382293983,0.07591430473654204,0.6751066507143744
USA,1937,2004,0.06599146916016552,0.07674160192152168,1.0750132761356168
USA,1938,2005,0.0728721876446412,0.07931516598599475,0.6442978341353545
USA,1939,2006,0.07128508031253133,0.0842006632727923,1.2915582960260963
USA,1940,2007,0.07122740788228787,0.08562171555214149,1.4394307669853612
USA,1941,2008,0.06460871077670416,0.07204680245740347,0.743809168069931
USA,1942,2009,0.07110482329544987,0.07501382696257641,0.39090036671265427
USA,1943,2010,0.07226177290524749,0.07510033667908256,0.2838563773835068
USA,1944,2011,0.06930132630338481,0.07165254085167216,0.23512145482873503
USA,1945,2012,0.06887283287481938,0.0736073511529518,0.4734518278132427
USA,1946,2013,0.06808034574267685,0.07904827054907715,1.0967924806400298
USA,1947,2014,0.07280270001979572,0.08174478313945488,0.8942083119659161
USA,1948,2015,0.07446859287831287,0.0845599979784355,1.009140510012263
USA,1949,2016,0.0748943062755878,0.08782344945690945,1.2929143181321656
USA,1950,2017,0.07479254290667425,0.08431722769996752,0.952468479329327
USA,1951,2018,0.07274265870782481,0.07992334501642384,0.7180686308599027
USA,1952,2019,0.07129919753347314,0.08040120271675644,0.9102005183283302
USA,1953,2020,0.07081211469144644,0.08019577159283453,0.9383656901388093
