differential,strategy,label,cec_crra_gamma5,cec_ez_gamma5_psi1.5,prob_ruin,median_wealth_at_retirement,median_bequest,p5_retirement_consumption
0.0,balanced_all_equity,50/50 Domestic/International Equity,1.0477715240966154,1.247841331479547,0.11714,21.19006684442273,44.749356374785776,0.7490714591444009
0.0,domestic_equity,100% Domestic Equity,0.8817855922986605,0.9936571805443004,0.2538,16.0819016652959,16.667399047289898,0.6270354299061549
0.0,international_equity,100% International Equity,1.1084723595383563,1.358096652961367,0.0899,24.4229119496229,64.24997267746332,0.7952480072658722
0.0,sixty_forty,60/40 Domestic Equity/Domestic Bonds,0.8706869896186361,0.9630499276769333,0.24212,13.336937897658256,10.196712230131132,0.6225299301076345
0.0,target_date_fund,Target-Date Fund (glide path),0.9425195381382905,1.0525353008305582,0.2221,16.374254032061522,9.363398003433641,0.6824444319335816
0.0,bills_only,100% Bills (cash),0.738999359783288,0.7664522001573014,0.56357,6.395067469984038,0.0,0.5405300135722927
0.0005,balanced_all_equity,50/50 Domestic/International Equity,1.0453194857163042,1.2437724100445346,0.1184,21.057048706798376,43.924581291536015,0.7471605690566664
0.0005,domestic_equity,100% Domestic Equity,0.8817855922986605,0.9936571805443004,0.2538,16.0819016652959,16.667399047289898,0.6270354299061549
0.0005,international_equity,100% International Equity,1.1029686254428364,1.3486107206380569,0.09204,24.11832533793948,62.03743043423319,0.7917670596956581
0.0005,sixty_forty,60/40 Domestic Equity/Domestic Bonds,0.8706869896186361,0.9630499276769333,0.24212,13.336937897658256,10.196712230131132,0.6225299301076345
0.0005,target_date_fund,Target-Date Fund (glide path),0.9415187690051839,1.0510682746244362,0.22302,16.314806820022806,9.273039561201854,0.681640322631535
0.0005,bills_only,100% Bills (cash),0.738999359783288,0.7664522001573014,0.56357,6.395067469984038,0.0,0.5405300135722927
0.001,balanced_all_equity,50/50 Domestic/International Equity,1.0428856756142446,1.2397279877448362,0.11969,20.929806288443622,43.11807255481377,0.7455372606541721
0.001,domestic_equity,100% Domestic Equity,0.8817855922986605,0.9936571805443004,0.2538,16.0819016652959,16.667399047289898,0.6270354299061549
0.001,international_equity,100% International Equity,1.0975296765103952,1.339230710239562,0.09423,23.824396955326765,59.91783659062351,0.7879985448138392
0.001,sixty_forty,60/40 Domestic Equity/Domestic Bonds,0.8706869896186361,0.9630499276769333,0.24212,13.336937897658256,10.196712230131132,0.6225299301076345
0.001,target_date_fund,Target-Date Fund (glide path),0.9405210983937797,1.049605601441061,0.2238,16.253655519168905,9.188544105555396,0.6808899740270389
0.001,bills_only,100% Bills (cash),0.738999359783288,0.7664522001573014,0.56357,6.395067469984038,0.0,0.5405300135722927
0.0015,balanced_all_equity,50/50 Domestic/International Equity,1.040439037729398,1.2357077513005121,0.12112,20.79824186381375,42.3359719760401,0.743802758940593
0.0015,domestic_equity,100% Domestic Equity,0.8817855922986605,0.9936571805443004,0.2538,16.0819016652959,16.667399047289898,0.6270354299061549
0.0015,international_equity,100% International Equity,1.0921102268071146,1.3299612986447829,0.09674,23.528943205994764,57.79106226382916,0.7842861757222814
0.0015,sixty_forty,60/40 Domestic Equity/Domestic Bonds,0.8706869896186361,0.9630499276769333,0.24212,13.336937897658256,10.196712230131132,0.6225299301076345
0.0015,target_date_fund,Target-Date Fund (glide path),0.9395280765665834,1.0481473651943307,0.22456,16.193222305827355,9.103014650165829,0.6801795550273797
0.0015,bills_only,100% Bills (cash),0.738999359783288,0.7664522001573014,0.56357,6.395067469984038,0.0,0.5405300135722927
0.002,balanced_all_equity,50/50 Domestic/International Equity,1.0379958719187574,1.2317108744008065,0.12241,20.67252702450394,41.54380576890611,0.7422237550989083
0.002,domestic_equity,100% Domestic Equity,0.8817855922986605,0.9936571805443004,0.2538,16.0819016652959,16.667399047289898,0.6270354299061549
0.002,international_equity,100% International Equity,1.0867695113416735,1.3207997874389106,0.09906,23.234662042779924,55.72134847470373,0.7804631568267921
0.002,sixty_forty,60/40 Domestic Equity/Domestic Bonds,0.8706869896186361,0.9630499276769333,0.24212,13.336937897658256,10.196712230131132,0.6225299301076345
0.002,target_date_fund,Target-Date Fund (glide path),0.9385370091976107,1.0466934281398017,0.22507,16.13422532536606,9.011712750455011,0.6794298541395621
0.002,bills_only,100% Bills (cash),0.738999359783288,0.7664522001573014,0.56357,6.395067469984038,0.0,0.5405300135722927
0.003,balanced_all_equity,50/50 Domestic/International Equity,1.0331621210971433,1.223789412618718,0.12487,20.41187691895991,40.042645169829484,0.7388295975851354
0.003,domestic_equity,100% Domestic Equity,0.8817855922986605,0.9936571805443004,0.2538,16.0819016652959,16.667399047289898,0.6270354299061549
0.003,international_equity,100% International Equity,1.076232381056542,1.3027926853501093,0.10436,22.654510513180778,51.83613924540779,0.773010695915596
0.003,sixty_forty,60/40 Domestic Equity/Domestic Bonds,0.8706869896186361,0.9630499276769333,0.24212,13.336937897658256,10.196712230131132,0.6225299301076345
0.003,target_date_fund,Target-Date Fund (glide path),0.936562711425708,1.0437984693940765,0.22648,16.02177526947745,8.846211905566374,0.6777349703004605
0.003,bills_only,100% Bills (cash),0.738999359783288,0.7664522001573014,0.56357,6.395067469984038,0.0,0.5405300135722927
0.005,balanced_all_equity,50/50 Domestic/International Equity,1.0236496194671358,1.2082298307678772,0.13021,19.910125103536384,37.20667452204016,0.7323059779266693
0.005,domestic_equity,100% Domestic Equity,0.8817855922986605,0.9936571805443004,0.2538,16.0819016652959,16.667399047289898,0.6270354299061549
0.005,international_equity,100% International Equity,1.0555734303772835,1.268006340157425,0.11481,21.55234773650345,44.83001602690692,0.7585500880476264
0.005,sixty_forty,60/40 Domestic Equity/Domestic Bonds,0.8706869896186361,0.9630499276769333,0.24212,13.336937897658256,10.196712230131132,0.6225299301076345
0.005,target_date_fund,Target-Date Fund (glide path),0.9326452687669871,1.0380601347877294,0.2299,15.798353247905945,8.506707276800299,0.6748444728603904
0.005,bills_only,100% Bills (cash),0.738999359783288,0.7664522001573014,0.56357,6.395067469984038,0.0,0.5405300135722927
0.0075,balanced_all_equity,50/50 Domestic/International Equity,1.0120674105349936,1.1893116626451055,0.13744,19.302450942186745,33.88023117263354,0.7244091209071407
0.0075,domestic_equity,100% Domestic Equity,0.8817855922986605,0.9936571805443004,0.2538,16.0819016652959,16.667399047289898,0.6270354299061549
0.0075,international_equity,100% International Equity,1.0307816049371983,1.226787659153058,0.13019,20.257867269108957,37.25365820046592,0.7417619143946439
0.0075,sixty_forty,60/40 Domestic Equity/Domestic Bonds,0.8706869896186361,0.9630499276769333,0.24212,13.336937897658256,10.196712230131132,0.6225299301076345
0.0075,target_date_fund,Target-Date Fund (glide path),0.9278174415493831,1.0309838035874375,0.23354,15.515572526982178,8.103522062766952,0.6713580778068556
0.0075,bills_only,100% Bills (cash),0.738999359783288,0.7664522001573014,0.56357,6.395067469984038,0.0,0.5405300135722927
0.01,balanced_all_equity,50/50 Domestic/International Equity,1.0007044525005218,1.1709582875737756,0.14498,18.720284125072027,30.790263621635518,0.7168954194281963
0.01,domestic_equity,100% Domestic Equity,0.8817855922986605,0.9936571805443004,0.2538,16.0819016652959,16.667399047289898,0.6270354299061549
0.01,international_equity,100% International Equity,1.0070629118525949,1.1879528573204354,0.14446,19.062202191029968,30.793231828216367,0.7260040622115219
0.01,sixty_forty,60/40 Domestic Equity/Domestic Bonds,0.8706869896186361,0.9630499276769333,0.24212,13.336937897658256,10.196712230131132,0.6225299301076345
0.01,target_date_fund,Target-Date Fund (glide path),0.923024228186152,1.0240110885511677,0.23751,15.243879862187626,7.712318859901199,0.6678405526018597
0.01,bills_only,100% Bills (cash),0.738999359783288,0.7664522001573014,0.56357,6.395067469984038,0.0,0.5405300135722927
0.015,balanced_all_equity,50/50 Domestic/International Equity,0.9788331801305878,1.135874167669767,0.16034,17.610743358037137,25.340799491660377,0.7024229504818571
0.015,domestic_equity,100% Domestic Equity,0.8817855922986605,0.9936571805443004,0.2538,16.0819016652959,16.667399047289898,0.6270354299061549
0.015,international_equity,100% International Equity,0.9630220969200274,1.1170018322059558,0.17831,16.869950751996335,20.673459241870688,0.6961805542968698
0.015,sixty_forty,60/40 Domestic Equity/Domestic Bonds,0.8706869896186361,0.9630499276769333,0.24212,13.336937897658256,10.196712230131132,0.6225299301076345
0.015,target_date_fund,Target-Date Fund (glide path),0.9135602747822857,1.0103728215131127,0.24593,14.704614018608037,6.97492905633581,0.6606661212094552
0.015,bills_only,100% Bills (cash),0.738999359783288,0.7664522001573014,0.56357,6.395067469984038,0.0,0.5405300135722927
0.02,balanced_all_equity,50/50 Domestic/International Equity,0.957991149197294,1.1028577502767078,0.17655,16.57680208696624,20.753842736471206,0.6884364654446034
0.02,domestic_equity,100% Domestic Equity,0.8817855922986605,0.9936571805443004,0.2538,16.0819016652959,16.667399047289898,0.6270354299061549
0.02,international_equity,100% International Equity,0.9232479200867574,1.054206027296156,0.21595,14.973765385282775,13.571398286072796,0.6686470039807879
0.02,sixty_forty,60/40 Domestic Equity/Domestic Bonds,0.8706869896186361,0.9630499276769333,0.24212,13.336937897658256,10.196712230131132,0.6225299301076345
0.02,target_date_fund,Target-Date Fund (glide path),0.9043538282859218,0.9971378289947743,0.2541,14.19313843157667,6.299660079045736,0.6537104505715196
0.02,bills_only,100% Bills (cash),0.738999359783288,0.7664522001573014,0.56357,6.395067469984038,0.0,0.5405300135722927
