system,age,share_full_rate,share_part_rate,share_no_pension,mean_pension_x_earnings
age_pension_untested,63,1.0,0.0,0.0,0.2927453561503584
age_pension_untested,64,1.0,0.0,0.0,0.2927453561503584
age_pension_untested,65,1.0,0.0,0.0,0.2927453561503584
age_pension_untested,66,1.0,0.0,0.0,0.2927453561503584
age_pension_untested,67,1.0,0.0,0.0,0.2927453561503584
age_pension_untested,68,1.0,0.0,0.0,0.2927453561503584
age_pension_untested,69,1.0,0.0,0.0,0.2927453561503584
age_pension_untested,70,1.0,0.0,0.0,0.2927453561503584
age_pension_untested,71,1.0,0.0,0.0,0.2927453561503584
age_pension_untested,72,1.0,0.0,0.0,0.2927453561503584
age_pension_untested,73,1.0,0.0,0.0,0.2927453561503584
age_pension_untested,74,1.0,0.0,0.0,0.2927453561503584
age_pension_untested,75,1.0,0.0,0.0,0.2927453561503584
age_pension_untested,76,1.0,0.0,0.0,0.2927453561503584
age_pension_untested,77,1.0,0.0,0.0,0.2927453561503584
age_pension_untested,78,1.0,0.0,0.0,0.2927453561503584
age_pension_untested,79,1.0,0.0,0.0,0.2927453561503584
age_pension_untested,80,1.0,0.0,0.0,0.2927453561503584
age_pension_untested,81,1.0,0.0,0.0,0.2927453561503584
age_pension_untested,82,1.0,0.0,0.0,0.2927453561503584
age_pension_untested,83,1.0,0.0,0.0,0.2927453561503584
age_pension_untested,84,1.0,0.0,0.0,0.2927453561503584
age_pension_untested,85,1.0,0.0,0.0,0.2927453561503584
age_pension_untested,86,1.0,0.0,0.0,0.2927453561503584
age_pension_untested,87,1.0,0.0,0.0,0.2927453561503584
age_pension_untested,88,1.0,0.0,0.0,0.2927453561503584
age_pension_untested,89,1.0,0.0,0.0,0.2927453561503584
age_pension_untested,90,1.0,0.0,0.0,0.2927453561503584
age_pension_untested,91,1.0,0.0,0.0,0.2927453561503584
age_pension_untested,92,1.0,0.0,0.0,0.2927453561503584
age_pension_matched,63,0.0252,0.1485,0.8263,0.0270484451050058
age_pension_matched,64,0.0273,0.1449,0.8278,0.02712406204889721
age_pension_matched,65,0.029,0.145,0.826,0.027459927080517237
age_pension_matched,66,0.0304,0.1457,0.8239,0.028091055364747035
age_pension_matched,67,0.0313,0.143,0.8257,0.02810109673151446
age_pension_matched,68,0.0343,0.1371,0.8286,0.028750705101728544
age_pension_matched,69,0.0356,0.1389,0.8255,0.029437784567772497
age_pension_matched,70,0.0394,0.1349,0.8257,0.030340091092153926
age_pension_matched,71,0.043,0.133,0.824,0.031205812464387216
age_pension_matched,72,0.0471,0.1316,0.8213,0.032524096207487196
age_pension_matched,73,0.0532,0.1297,0.8171,0.03374442181955605
age_pension_matched,74,0.0572,0.1251,0.8177,0.034930594763798783
age_pension_matched,75,0.0634,0.124,0.8126,0.036438047287083775
age_pension_matched,76,0.0688,0.1193,0.8119,0.03743913066643058
age_pension_matched,77,0.0755,0.1177,0.8068,0.03921192993809294
age_pension_matched,78,0.0826,0.1137,0.8037,0.0406192811370383
age_pension_matched,79,0.0881,0.1113,0.8006,0.042103149838547925
age_pension_matched,80,0.0973,0.1041,0.7986,0.043679731626552386
age_pension_matched,81,0.1031,0.1001,0.7968,0.04497369055679783
age_pension_matched,82,0.1109,0.0999,0.7892,0.04658500404700375
age_pension_matched,83,0.1163,0.0978,0.7859,0.04828057278980854
age_pension_matched,84,0.1241,0.0921,0.7838,0.04941117722176365
age_pension_matched,85,0.1305,0.0912,0.7783,0.05116120480900587
age_pension_matched,86,0.1359,0.0887,0.7754,0.052632057277986984
age_pension_matched,87,0.1438,0.0826,0.7736,0.05435675489469655
age_pension_matched,88,0.1507,0.0763,0.773,0.05566717792451812
age_pension_matched,89,0.1584,0.0729,0.7687,0.05697368993861496
age_pension_matched,90,0.1638,0.0695,0.7667,0.05846581449660933
age_pension_matched,91,0.1696,0.0669,0.7635,0.059652378574567774
age_pension_matched,92,0.1763,0.0635,0.7602,0.060821624237421115
australia_as_legislated,63,0.0016,0.0311,0.9673,0.004205266786745202
australia_as_legislated,64,0.0016,0.0334,0.965,0.004612075938006758
australia_as_legislated,65,0.0026,0.0349,0.9625,0.005067364828948428
australia_as_legislated,66,0.0031,0.0362,0.9607,0.005379239666641254
australia_as_legislated,67,0.0045,0.036,0.9595,0.0057143100636674795
australia_as_legislated,68,0.005,0.0376,0.9574,0.006224164100574279
australia_as_legislated,69,0.0069,0.0382,0.9549,0.006803871550351568
australia_as_legislated,70,0.0083,0.0419,0.9498,0.007550369058625066
australia_as_legislated,71,0.0098,0.0431,0.9471,0.008429278951509174
australia_as_legislated,72,0.0118,0.0453,0.9429,0.009512425565775428
australia_as_legislated,73,0.0156,0.0469,0.9375,0.011050323080954634
australia_as_legislated,74,0.0197,0.0468,0.9335,0.012326972303119823
australia_as_legislated,75,0.0223,0.0512,0.9265,0.013697325196444406
australia_as_legislated,76,0.028,0.0519,0.9201,0.015373186613255322
australia_as_legislated,77,0.0322,0.0545,0.9133,0.01735543530395886
australia_as_legislated,78,0.0399,0.0519,0.9082,0.01922849514900984
australia_as_legislated,79,0.0465,0.0518,0.9017,0.020917128272239537
australia_as_legislated,80,0.0523,0.0526,0.8951,0.023240671527456493
australia_as_legislated,81,0.0608,0.0508,0.8884,0.025468215887639485
australia_as_legislated,82,0.0687,0.0509,0.8804,0.027670016855544544
australia_as_legislated,83,0.076,0.049,0.875,0.029582325180647556
australia_as_legislated,84,0.0861,0.0464,0.8675,0.031975307394825264
australia_as_legislated,85,0.0928,0.0454,0.8618,0.034060723189048694
australia_as_legislated,86,0.1022,0.0419,0.8559,0.03597373272748131
australia_as_legislated,87,0.1091,0.0437,0.8472,0.03806055879320372
australia_as_legislated,88,0.1166,0.0414,0.842,0.040331714739442366
australia_as_legislated,89,0.1251,0.04,0.8349,0.042595916038101624
australia_as_legislated,90,0.1321,0.0378,0.8301,0.0445242834282193
australia_as_legislated,91,0.1405,0.0361,0.8234,0.04635003537295894
australia_as_legislated,92,0.147,0.0361,0.8169,0.048250559849708975
australia_non_homeowner,63,0.0202,0.0582,0.9216,0.013570111286237224
australia_non_homeowner,64,0.023,0.0569,0.9201,0.013994609574609565
australia_non_homeowner,65,0.0236,0.0554,0.921,0.014274140112610937
australia_non_homeowner,66,0.0236,0.0576,0.9188,0.014822931964822263
australia_non_homeowner,67,0.0251,0.0594,0.9155,0.015400709165275415
australia_non_homeowner,68,0.0277,0.0597,0.9126,0.016308021473414064
australia_non_homeowner,69,0.0304,0.058,0.9116,0.01670974677820785
australia_non_homeowner,70,0.0337,0.0595,0.9068,0.01800432171212081
australia_non_homeowner,71,0.0367,0.0603,0.903,0.019097640784845434
australia_non_homeowner,72,0.0412,0.061,0.8978,0.020502562833794768
australia_non_homeowner,73,0.0469,0.0592,0.8939,0.021983095446243574
australia_non_homeowner,74,0.0512,0.0597,0.8891,0.02348789499930002
australia_non_homeowner,75,0.0564,0.0592,0.8844,0.02507142017468884
australia_non_homeowner,76,0.0617,0.0572,0.8811,0.02654481727202386
australia_non_homeowner,77,0.0696,0.0561,0.8743,0.0285382761959113
australia_non_homeowner,78,0.0757,0.0546,0.8697,0.030382596967185767
australia_non_homeowner,79,0.0818,0.0556,0.8626,0.03207814510253411
australia_non_homeowner,80,0.0903,0.0517,0.858,0.033862161016258274
australia_non_homeowner,81,0.0972,0.0504,0.8524,0.03564851436133213
australia_non_homeowner,82,0.1048,0.0455,0.8497,0.03749183964960985
australia_non_homeowner,83,0.1111,0.0478,0.8411,0.03943829746941823
australia_non_homeowner,84,0.1191,0.0431,0.8378,0.04101915122515381
australia_non_homeowner,85,0.1248,0.042,0.8332,0.04274873536477672
australia_non_homeowner,86,0.1307,0.0434,0.8259,0.0446786260660122
australia_non_homeowner,87,0.1387,0.0423,0.819,0.04684414147386408
australia_non_homeowner,88,0.1457,0.0395,0.8148,0.048608520316589326
australia_non_homeowner,89,0.1536,0.0368,0.8096,0.05038043693357433
australia_non_homeowner,90,0.1592,0.038,0.8028,0.051962228624430874
australia_non_homeowner,91,0.1655,0.0339,0.8006,0.053450055288415295
australia_non_homeowner,92,0.1722,0.0311,0.7967,0.05510102964398368
