rule,rate,can_deplete,strategy,cec,prob_ruin,mean_retirement_consumption,n_paths
constant_real,0.04,True,equity_000,0.7634467399507363,0.45665,0.9721296046089494,20000
constant_real,0.04,True,equity_010,0.7893569379508867,0.38225,1.0187100702724814,20000
constant_real,0.04,True,equity_020,0.8174098479174395,0.31315,1.070409006783517,20000
constant_real,0.04,True,equity_030,0.8470472211054719,0.255,1.1271741956851602,20000
constant_real,0.04,True,equity_040,0.8776799488614289,0.2084,1.1895634707023715,20000
constant_real,0.04,True,equity_050,0.908734964766223,0.17835,1.2583775447372314,20000
constant_real,0.04,True,equity_060,0.9399538808699964,0.15665,1.3345886533137659,20000
constant_real,0.04,True,equity_070,0.9707382082171667,0.1411,1.4190589107843872,20000
constant_real,0.04,True,equity_080,0.9999066237220915,0.13035,1.5124544885324895,20000
constant_real,0.04,True,equity_090,1.0263206495650081,0.1208,1.615620133754842,20000
constant_real,0.04,True,equity_100,1.04847126825557,0.11675,1.7294022745179551,20000
constant_real,0.04,True,domestic_000,1.1056866765310616,0.0919,1.9013663132972907,20000
constant_real,0.04,True,domestic_010,1.114463039338393,0.08315,1.870286900688486,20000
constant_real,0.04,True,domestic_020,1.112747405183797,0.0823,1.8372983323644112,20000
constant_real,0.04,True,domestic_030,1.1001067279470909,0.0885,1.8026995162739277,20000
constant_real,0.04,True,domestic_040,1.0781015546618702,0.0997,1.766718293674352,20000
constant_real,0.04,True,domestic_050,1.04847126825557,0.11675,1.7294022745179551,20000
constant_real,0.04,True,domestic_060,1.0150073930185282,0.13725,1.6909484738820741,20000
constant_real,0.04,True,domestic_070,0.9806467924615319,0.16095,1.651987428490848,20000
constant_real,0.04,True,domestic_080,0.9470600571612084,0.1869,1.6124573993740665,20000
constant_real,0.04,True,domestic_090,0.9147767288211509,0.21675,1.5723287532482344,20000
constant_real,0.04,True,domestic_100,0.884248014153679,0.25025,1.5306787572858467,20000
constant_real,0.04,True,reteq_equity_000,0.9266209763127131,0.45665,1.6277810977860552,20000
constant_real,0.04,True,reteq_equity_010,0.9500053885029773,0.38225,1.6538345295595427,20000
constant_real,0.04,True,reteq_equity_020,0.9717668911495814,0.31315,1.6755883871508304,20000
constant_real,0.04,True,reteq_equity_030,0.990529438119059,0.255,1.692117521788332,20000
constant_real,0.04,True,reteq_equity_040,1.0058799682210653,0.2084,1.7043420956373272,20000
constant_real,0.04,True,reteq_equity_050,1.017939228877153,0.17835,1.7132431083104174,20000
constant_real,0.04,True,reteq_equity_060,1.0278749771247564,0.15665,1.7197897437985756,20000
constant_real,0.04,True,reteq_equity_070,1.0361100835446195,0.1411,1.7244786929015299,20000
constant_real,0.04,True,reteq_equity_080,1.0423139577055271,0.13035,1.7274896073864394,20000
constant_real,0.04,True,reteq_equity_090,1.046534262183699,0.1208,1.7290892853086552,20000
constant_real,0.04,True,reteq_equity_100,1.04847126825557,0.11675,1.7294022745179551,20000
constant_real,0.04,True,retdom_domestic_000,1.0620070649958213,0.0919,1.7370847530245246,20000
constant_real,0.04,True,retdom_domestic_010,1.066616047200193,0.08315,1.7402384068433872,20000
constant_real,0.04,True,retdom_domestic_020,1.067792808201484,0.0823,1.7409143275575443,20000
constant_real,0.04,True,retdom_domestic_030,1.0652232180204113,0.0885,1.739323540735821,20000
constant_real,0.04,True,retdom_domestic_040,1.0589829940835611,0.0997,1.7354894313908487,20000
constant_real,0.04,True,retdom_domestic_050,1.04847126825557,0.11675,1.7294022745179551,20000
constant_real,0.04,True,retdom_domestic_060,1.0348279258114585,0.13725,1.7211017300402367,20000
constant_real,0.04,True,retdom_domestic_070,1.019138301743684,0.16095,1.7112340179031882,20000
constant_real,0.04,True,retdom_domestic_080,1.002156349238044,0.1869,1.6997884141498725,20000
constant_real,0.04,True,retdom_domestic_090,0.9839773280618923,0.21675,1.686527915577831,20000
constant_real,0.04,True,retdom_domestic_100,0.9650816654323577,0.25025,1.670733264037619,20000
vanguard_dynamic,0.05,True,equity_000,0.774856690418351,0.4207,0.9997341182751927,20000
vanguard_dynamic,0.05,True,equity_010,0.804526878152183,0.35135,1.0595120946804861,20000
vanguard_dynamic,0.05,True,equity_020,0.8375672138866429,0.28805,1.131261332109173,20000
vanguard_dynamic,0.05,True,equity_030,0.8733525749384342,0.2401,1.216338431046056,20000
vanguard_dynamic,0.05,True,equity_040,0.9109913270227213,0.20755,1.315903190219204,20000
vanguard_dynamic,0.05,True,equity_050,0.9502873723797106,0.18265,1.4327392866425992,20000
vanguard_dynamic,0.05,True,equity_060,0.9896257687799839,0.16615,1.5679382923074041,20000
vanguard_dynamic,0.05,True,equity_070,1.0274197709782042,0.1549,1.7217983372481394,20000
vanguard_dynamic,0.05,True,equity_080,1.0621296389538355,0.1496,1.8952833458175338,20000
vanguard_dynamic,0.05,True,equity_090,1.0919612160276775,0.14845,2.0887593614260993,20000
vanguard_dynamic,0.05,True,equity_100,1.1157925475738244,0.1472,2.302839867984897,20000
vanguard_dynamic,0.05,True,domestic_000,1.1942376232644598,0.1158,2.62832039737822,20000
vanguard_dynamic,0.05,True,domestic_010,1.2110618824571877,0.10495,2.5697549216305946,20000
vanguard_dynamic,0.05,True,domestic_020,1.2100794401054882,0.10195,2.508063506895888,20000
vanguard_dynamic,0.05,True,domestic_030,1.1913950268450997,0.1104,2.4427527010739962,20000
vanguard_dynamic,0.05,True,domestic_040,1.1576227520773315,0.1264,2.373896641776746,20000
vanguard_dynamic,0.05,True,domestic_050,1.1157925475738244,0.1472,2.302839867984897,20000
vanguard_dynamic,0.05,True,domestic_060,1.0716049813966202,0.1676,2.2315710622853295,20000
vanguard_dynamic,0.05,True,domestic_070,1.0287856021597597,0.1938,2.159574187917865,20000
vanguard_dynamic,0.05,True,domestic_080,0.987681537952292,0.2235,2.0879661290240596,20000
vanguard_dynamic,0.05,True,domestic_090,0.9490503374126792,0.2576,2.0156769248615647,20000
vanguard_dynamic,0.05,True,domestic_100,0.9132555589504862,0.2959,1.943599056672999,20000
vanguard_dynamic,0.05,True,reteq_equity_000,0.9399034246203591,0.4207,1.710821178907001,20000
vanguard_dynamic,0.05,True,reteq_equity_010,0.9673563936380484,0.35135,1.762587004560537,20000
vanguard_dynamic,0.05,True,reteq_equity_020,0.9933269215519795,0.28805,1.82009183790197,20000
vanguard_dynamic,0.05,True,reteq_equity_030,1.0172083500624685,0.2401,1.881651201555686,20000
vanguard_dynamic,0.05,True,reteq_equity_040,1.038738274366042,0.20755,1.9448658333552682,20000
vanguard_dynamic,0.05,True,reteq_equity_050,1.058855538927322,0.18265,2.010926518718234,20000
vanguard_dynamic,0.05,True,reteq_equity_060,1.0762653144877867,0.16615,2.077391899396272,20000
vanguard_dynamic,0.05,True,reteq_equity_070,1.0907755444578067,0.1549,2.1411748151018823,20000
vanguard_dynamic,0.05,True,reteq_equity_080,1.1024107977418716,0.1496,2.2010515830730024,20000
vanguard_dynamic,0.05,True,reteq_equity_090,1.1106696313674815,0.14845,2.255205935231334,20000
vanguard_dynamic,0.05,True,reteq_equity_100,1.1157925475738244,0.1472,2.302839867984897,20000
vanguard_dynamic,0.05,True,retdom_domestic_000,1.1535024625465424,0.1158,2.3625372712854174,20000
vanguard_dynamic,0.05,True,retdom_domestic_010,1.1627255433236956,0.10495,2.3630313420625746,20000
vanguard_dynamic,0.05,True,retdom_domestic_020,1.1628185563480706,0.10195,2.357089954539612,20000
vanguard_dynamic,0.05,True,retdom_domestic_030,1.1542578313468397,0.1104,2.3448627676722738,20000
vanguard_dynamic,0.05,True,retdom_domestic_040,1.1375442364052242,0.1264,2.326349001614362,20000
vanguard_dynamic,0.05,True,retdom_domestic_050,1.1157925475738244,0.1472,2.302839867984897,20000
vanguard_dynamic,0.05,True,retdom_domestic_060,1.0914271590930316,0.1676,2.276554022214888,20000
vanguard_dynamic,0.05,True,retdom_domestic_070,1.0665147073473638,0.1938,2.247236425087498,20000
vanguard_dynamic,0.05,True,retdom_domestic_080,1.0405770908149425,0.2235,2.2160294162205827,20000
vanguard_dynamic,0.05,True,retdom_domestic_090,1.0141115975302648,0.2576,2.182004467133187,20000
vanguard_dynamic,0.05,True,retdom_domestic_100,0.9879212109217665,0.2959,2.1456834824233986,20000
guyton_klinger,0.07,True,equity_000,0.7852408168524353,0.1827,1.0207710785584263,20000
guyton_klinger,0.07,True,equity_010,0.8168371209883688,0.10785,1.084434250501086,20000
guyton_klinger,0.07,True,equity_020,0.8519956041576069,0.0635,1.158691598456011,20000
guyton_klinger,0.07,True,equity_030,0.8909711373191627,0.04375,1.2467574704338225,20000
guyton_klinger,0.07,True,equity_040,0.9322032670118539,0.02955,1.3497140681961883,20000
guyton_klinger,0.07,True,equity_050,0.9767566332566378,0.02665,1.4729974968625215,20000
guyton_klinger,0.07,True,equity_060,1.0228616707629907,0.02475,1.6190649394840881,20000
guyton_klinger,0.07,True,equity_070,1.0699232169101027,0.02345,1.7910106537638164,20000
guyton_klinger,0.07,True,equity_080,1.1148799061350407,0.02625,1.9935995121289953,20000
guyton_klinger,0.07,True,equity_090,1.1568368897893004,0.0329,2.2285841573720626,20000
guyton_klinger,0.07,True,equity_100,1.1910834353702913,0.04,2.500636564701828,20000
guyton_klinger,0.07,True,domestic_000,1.2778895083215873,0.04185,2.9046135328223897,20000
guyton_klinger,0.07,True,domestic_010,1.2887525858239226,0.0376,2.8202749171285264,20000
guyton_klinger,0.07,True,domestic_020,1.2857794886430005,0.03425,2.739459683717786,20000
guyton_klinger,0.07,True,domestic_030,1.2663215523728804,0.0344,2.6571500161412716,20000
guyton_klinger,0.07,True,domestic_040,1.2344664869647215,0.0363,2.5805922126942296,20000
guyton_klinger,0.07,True,domestic_050,1.1910834353702913,0.04,2.500636564701828,20000
guyton_klinger,0.07,True,domestic_060,1.1434228895231286,0.0537,2.4222044087941694,20000
guyton_klinger,0.07,True,domestic_070,1.0919840058568264,0.0731,2.3456700923569094,20000
guyton_klinger,0.07,True,domestic_080,1.0434497793433395,0.10065,2.27085201339348,20000
guyton_klinger,0.07,True,domestic_090,0.9970490962838767,0.13915,2.1951104604101808,20000
guyton_klinger,0.07,True,domestic_100,0.9545575282616924,0.1776,2.1208515663748324,20000
guyton_klinger,0.07,True,reteq_equity_000,1.0009706668969702,0.18135,1.7751226164788656,20000
guyton_klinger,0.07,True,reteq_equity_010,1.0270271773628754,0.1073,1.830481322229257,20000
guyton_klinger,0.07,True,reteq_equity_020,1.0522120556141743,0.06315,1.8872772655172634,20000
guyton_klinger,0.07,True,reteq_equity_030,1.0767236095779407,0.04395,1.9478751620759978,20000
guyton_klinger,0.07,True,reteq_equity_040,1.0984417684097036,0.02975,2.0105827058070425,20000
guyton_klinger,0.07,True,reteq_equity_050,1.1201422330199389,0.027,2.0808093672023906,20000
guyton_klinger,0.07,True,reteq_equity_060,1.1396755053929546,0.0251,2.156903450316397,20000
guyton_klinger,0.07,True,reteq_equity_070,1.158172731994824,0.0235,2.237565202251713,20000
guyton_klinger,0.07,True,reteq_equity_080,1.172633675568003,0.0264,2.323472455660871,20000
guyton_klinger,0.07,True,reteq_equity_090,1.1845818758505027,0.0328,2.411119434145249,20000
guyton_klinger,0.07,True,reteq_equity_100,1.1910834353702913,0.04,2.500636564701828,20000
guyton_klinger,0.07,True,retdom_domestic_000,1.2230909776724785,0.04165,2.604316462640044,20000
guyton_klinger,0.07,True,retdom_domestic_010,1.2251086974997625,0.03715,2.589944994419667,20000
guyton_klinger,0.07,True,retdom_domestic_020,1.2230749165205281,0.03425,2.573196266067744,20000
guyton_klinger,0.07,True,retdom_domestic_030,1.216273854067035,0.0342,2.549700084994326,20000
guyton_klinger,0.07,True,retdom_domestic_040,1.206347698508043,0.0362,2.5284531167906943,20000
guyton_klinger,0.07,True,retdom_domestic_050,1.1910834353702913,0.04,2.500636564701828,20000
guyton_klinger,0.07,True,retdom_domestic_060,1.1731641857175388,0.0536,2.4716899665011987,20000
guyton_klinger,0.07,True,retdom_domestic_070,1.1488882385684014,0.07315,2.4423966243670914,20000
guyton_klinger,0.07,True,retdom_domestic_080,1.1227453469531654,0.10075,2.4126574387446875,20000
guyton_klinger,0.07,True,retdom_domestic_090,1.0931440985661167,0.13925,2.379727337098674,20000
guyton_klinger,0.07,True,retdom_domestic_100,1.0628265297511903,0.17745,2.34563438054144,20000
endowment,0.06,True,equity_000,0.7744387652684036,0.05105,0.9913337097597444,20000
endowment,0.06,True,equity_010,0.8052433659163488,0.0418,1.0526072480350859,20000
endowment,0.06,True,equity_020,0.8399818302202049,0.0334,1.125772489188633,20000
endowment,0.06,True,equity_030,0.878573948517657,0.01975,1.213064909719002,20000
endowment,0.06,True,equity_040,0.9206186095623597,0.01545,1.3171016840196437,20000
endowment,0.06,True,equity_050,0.9656098540917991,0.01295,1.440977680858891,20000
endowment,0.06,True,equity_060,1.0127549865324763,0.00585,1.5882896476983006,20000
endowment,0.06,True,equity_070,1.0607206591478866,0.0043,1.7632342485759618,20000
endowment,0.06,True,equity_080,1.1082376654400365,0.003,1.9707724329777698,20000
endowment,0.06,True,equity_090,1.153410412572572,0.0025,2.216699827722511,20000
endowment,0.06,True,equity_100,1.1941275411609606,0.0022,2.5078304856286073,20000
endowment,0.06,True,domestic_000,1.2858730914084684,0.0042,2.9374275358662594,20000
endowment,0.06,True,domestic_010,1.2993426936267753,0.00295,2.8411866114396855,20000
endowment,0.06,True,domestic_020,1.2960459641760342,0.00265,2.751646521514365,20000
endowment,0.06,True,domestic_030,1.2758539251998045,0.0023,2.6670767490912435,20000
endowment,0.06,True,domestic_040,1.2404265708036846,0.00175,2.586138589298314,20000
endowment,0.06,True,domestic_050,1.1941275411609606,0.0022,2.5078304856286073,20000
endowment,0.06,True,domestic_060,1.1429089146434688,0.0026,2.4314791172468255,20000
endowment,0.06,True,domestic_070,1.0913087280259897,0.0061,2.3566856844415853,20000
endowment,0.06,True,domestic_080,1.0420511609790941,0.0142,2.283254662631545,20000
endowment,0.06,True,domestic_090,0.9961498979845838,0.0266,2.21118318529207,20000
endowment,0.06,True,domestic_100,0.9539244093612347,0.03475,2.140687094433783,20000
endowment,0.06,True,reteq_equity_000,0.9801225602990428,0.05105,1.6840542733641188,20000
endowment,0.06,True,reteq_equity_010,1.0052315872763138,0.0418,1.7427397625178236,20000
endowment,0.06,True,reteq_equity_020,1.0306356042981808,0.0334,1.8059063854974406,20000
endowment,0.06,True,reteq_equity_030,1.0560401157305455,0.01975,1.8738183909266481,20000
endowment,0.06,True,reteq_equity_040,1.0806740027082846,0.01545,1.9467383006597287,20000
endowment,0.06,True,reteq_equity_050,1.1044473813743103,0.01295,2.0249951904087253,20000
endowment,0.06,True,reteq_equity_060,1.1271021576521887,0.00585,2.1088866284543846,20000
endowment,0.06,True,reteq_equity_070,1.1476101704586255,0.0043,2.19871608706386,20000
endowment,0.06,True,reteq_equity_080,1.166002344683493,0.003,2.2948775526155645,20000
endowment,0.06,True,reteq_equity_090,1.1816388903516852,0.0025,2.3977678323318745,20000
endowment,0.06,True,reteq_equity_100,1.1941275411609606,0.0022,2.5078304856286073,20000
endowment,0.06,True,retdom_domestic_000,1.2300113751352577,0.0042,2.6294478719751635,20000
endowment,0.06,True,retdom_domestic_010,1.2332308749172782,0.00295,2.606543963863961,20000
endowment,0.06,True,retdom_domestic_020,1.230772537344142,0.00265,2.582957933386774,20000
endowment,0.06,True,retdom_domestic_030,1.2233406748381381,0.0023,2.5586526892345796,20000
endowment,0.06,True,retdom_domestic_040,1.2110787091120285,0.00175,2.5336119754126005,20000
endowment,0.06,True,retdom_domestic_050,1.1941275411609606,0.0022,2.5078304856286073,20000
endowment,0.06,True,retdom_domestic_060,1.1733109005446059,0.0026,2.4813425738608452,20000
endowment,0.06,True,retdom_domestic_070,1.1493093830759025,0.0061,2.454214016716844,20000
endowment,0.06,True,retdom_domestic_080,1.1229062779810652,0.0142,2.4265009333798755,20000
endowment,0.06,True,retdom_domestic_090,1.094676070008937,0.0266,2.3982707064264543,20000
endowment,0.06,True,retdom_domestic_100,1.0661429059213963,0.03475,2.3697359678050636,20000
constant_percent,0.07,False,equity_000,0.7727115628473872,0.0,0.9916408749029247,20000
constant_percent,0.07,False,equity_010,0.8038271521106936,0.0,1.0535461900724568,20000
constant_percent,0.07,False,equity_020,0.8390425340459555,0.0,1.127449358236061,20000
constant_percent,0.07,False,equity_030,0.878315066963058,0.0,1.2155991959202894,20000
constant_percent,0.07,False,equity_040,0.921344015979243,0.0,1.3206361097186914,20000
constant_percent,0.07,False,equity_050,0.9675375255786679,0.0,1.4456560978548965,20000
constant_percent,0.07,False,equity_060,1.0160024120211641,0.0,1.594286269918285,20000
constant_percent,0.07,False,equity_070,1.065525202165081,0.0,1.770774908603088,20000
constant_percent,0.07,False,equity_080,1.114544148696986,0.0,1.9801001383008225,20000
constant_percent,0.07,False,equity_090,1.1611631202936243,0.0,2.228102649289991,20000
constant_percent,0.07,False,equity_100,1.2032445879632478,0.0,2.521649748250113,20000
constant_percent,0.07,False,domestic_000,1.3056260579110535,0.0,2.9528960820240258,20000
constant_percent,0.07,False,domestic_010,1.3170827491876245,0.0,2.85599760489681,20000
constant_percent,0.07,False,domestic_020,1.311791511270881,0.0,2.7659326954076584,20000
constant_percent,0.07,False,domestic_030,1.2890652194379726,0.0,2.6810018634394246,20000
constant_percent,0.07,False,domestic_040,1.2512416935578539,0.0,2.5998964838971306,20000
constant_percent,0.07,False,domestic_050,1.2032445879632478,0.0,2.521649748250113,20000
constant_percent,0.07,False,domestic_060,1.1506864635845835,0.0,2.445592259934429,20000
constant_percent,0.07,False,domestic_070,1.0980418197326676,0.0,2.3713107067540307,20000
constant_percent,0.07,False,domestic_080,1.0479658899539483,0.0,2.298607810734695,20000
constant_percent,0.07,False,domestic_090,1.0015532831783107,0.0,2.2274623712686594,20000
constant_percent,0.07,False,domestic_100,0.9589077817938513,0.0,2.1579891494378973,20000
constant_percent,0.07,False,reteq_equity_000,0.9796976301602386,0.0,1.684756867261137,20000
constant_percent,0.07,False,reteq_equity_010,1.0058698231164103,0.0,1.74518115913648,20000
constant_percent,0.07,False,reteq_equity_020,1.0322914310248565,0.0,1.8099953664208304,20000
constant_percent,0.07,False,reteq_equity_030,1.0586116667540513,0.0,1.8794634418819711,20000
constant_percent,0.07,False,reteq_equity_040,1.0844244791416722,0.0,1.9538617778267238,20000
constant_percent,0.07,False,reteq_equity_050,1.1092827429001355,0.0,2.0334817473807147,20000
constant_percent,0.07,False,reteq_equity_060,1.1327189476720665,0.0,2.118633028645765,20000
constant_percent,0.07,False,reteq_equity_070,1.1542657724940142,0.0,2.2096478172669434,20000
constant_percent,0.07,False,reteq_equity_080,1.1734737074533184,0.0,2.3068860264530295,20000
constant_percent,0.07,False,reteq_equity_090,1.189925668292382,0.0,2.410741562521821,20000
constant_percent,0.07,False,reteq_equity_100,1.2032445879632478,0.0,2.521649748250113,20000
constant_percent,0.07,False,retdom_domestic_000,1.246765728941449,0.0,2.642297743056931,20000
constant_percent,0.07,False,retdom_domestic_010,1.2481553433261532,0.0,2.6192810155974056,20000
constant_percent,0.07,False,retdom_domestic_020,1.2442199398005143,0.0,2.5957406727845402,20000
constant_percent,0.07,False,retdom_domestic_030,1.2351467741445719,0.0,2.5716333384529273,20000
constant_percent,0.07,False,retdom_domestic_040,1.2213021648491251,0.0,2.5469366781637546,20000
constant_percent,0.07,False,retdom_domestic_050,1.2032445879632478,0.0,2.521649748250113,20000
constant_percent,0.07,False,retdom_domestic_060,1.1816902283489863,0.0,2.4957931187352975,20000
constant_percent,0.07,False,retdom_domestic_070,1.1574369724352613,0.0,2.4694086260209027,20000
constant_percent,0.07,False,retdom_domestic_080,1.131262214669731,0.0,2.4425586014456275,20000
constant_percent,0.07,False,retdom_domestic_090,1.1038140999672008,0.0,2.415324438703925,20000
constant_percent,0.07,False,retdom_domestic_100,1.0755216989305663,0.0,2.387804397179826,20000
life_expectancy,,False,equity_000,0.7852922219172045,0.0,1.0808923238548505,20000
life_expectancy,,False,equity_010,0.8187714018904451,0.0,1.173678754299526,20000
life_expectancy,,False,equity_020,0.8556695830909735,0.0,1.2871337743096305,20000
life_expectancy,,False,equity_030,0.8956577285291594,0.0,1.4256465023918723,20000
life_expectancy,,False,equity_040,0.9382056477532137,0.0,1.5944585643232596,20000
life_expectancy,,False,equity_050,0.982569603251443,0.0,1.7998138928828564,20000
life_expectancy,,False,equity_060,1.0277909822961628,0.0,2.049135345613803,20000
life_expectancy,,False,equity_070,1.0726888152597092,0.0,2.3512350585390656,20000
life_expectancy,,False,equity_080,1.1158761660004193,0.0,2.7165680550755438,20000
life_expectancy,,False,equity_090,1.1558269214950194,0.0,3.1575421932949714,20000
life_expectancy,,False,equity_100,1.190982308303365,0.0,3.6889023517161856,20000
life_expectancy,,False,domestic_000,1.2702348123011948,0.0,4.478358916156443,20000
life_expectancy,,False,domestic_010,1.2790898234285875,0.0,4.296608940425456,20000
life_expectancy,,False,domestic_020,1.2754104952930507,0.0,4.13020695181722,20000
life_expectancy,,False,domestic_030,1.2586732269674714,0.0,3.9752957782081824,20000
life_expectancy,,False,domestic_040,1.2297294370009821,0.0,3.828920780676559,20000
life_expectancy,,False,domestic_050,1.190982308303365,0.0,3.6889023517161856,20000
life_expectancy,,False,domestic_060,1.1460047591484168,0.0,3.553723760465293,20000
life_expectancy,,False,domestic_070,1.0985630278636673,0.0,3.4224303764211284,20000
life_expectancy,,False,domestic_080,1.051617179564194,0.0,3.294535915806327,20000
life_expectancy,,False,domestic_090,1.0068958349062287,0.0,3.1699329163112684,20000
life_expectancy,,False,domestic_100,0.9650246304976646,0.0,3.048806822942807,20000
life_expectancy,,False,reteq_equity_000,1.023124660024009,0.0,1.9588817768866034,20000
life_expectancy,,False,reteq_equity_010,1.0473303518413188,0.0,2.0746403174498353,20000
life_expectancy,,False,reteq_equity_020,1.0705723815966912,0.0,2.2009232057365606,20000
life_expectancy,,False,reteq_equity_030,1.0925361025737768,0.0,2.3384712438292015,20000
life_expectancy,,False,reteq_equity_040,1.1129097723357928,0.0,2.4880622022728653,20000
life_expectancy,,False,reteq_equity_050,1.131425481458556,0.0,2.6505174229350543,20000
life_expectancy,,False,reteq_equity_060,1.1478794782690764,0.0,2.826710681862504,20000
life_expectancy,,False,reteq_equity_070,1.1621339163657742,0.0,3.0175796624787554,20000
life_expectancy,,False,reteq_equity_080,1.1741032174992156,0.0,3.2241403777110476,20000
life_expectancy,,False,reteq_equity_090,1.183733400998715,0.0,3.4475048542342397,20000
life_expectancy,,False,reteq_equity_100,1.190982308303365,0.0,3.6889023517161856,20000
life_expectancy,,False,retdom_domestic_000,1.2163206035289984,0.0,3.9534785857289463,20000
life_expectancy,,False,retdom_domestic_010,1.2177127201141398,0.0,3.9026197609440003,20000
life_expectancy,,False,retdom_domestic_020,1.2158725973727351,0.0,3.850831516329065,20000
life_expectancy,,False,retdom_domestic_030,1.210822463057902,0.0,3.7979869019367056,20000
life_expectancy,,False,retdom_domestic_040,1.202535431706285,0.0,3.7440150768826017,20000
life_expectancy,,False,retdom_domestic_050,1.190982308303365,0.0,3.6889023517161856,20000
life_expectancy,,False,retdom_domestic_060,1.1761984912647252,0.0,3.632692573598881,20000
life_expectancy,,False,retdom_domestic_070,1.158350338006201,0.0,3.5754864500434866,20000
life_expectancy,,False,retdom_domestic_080,1.137753320873203,0.0,3.517439415104826,20000
life_expectancy,,False,retdom_domestic_090,1.1148171825363966,0.0,3.458757724235871,20000
life_expectancy,,False,retdom_domestic_100,1.0899106517831691,0.0,3.3996925875779356,20000
